trigram,freq
ziː,60
iːə,96
ːə,92
ə ɪ,16
ɪs,96
ɪst,132
st,272
t a,49
ai,65
ain,90
in,110
n l,65
li,91
liː,97
iːn,147
ːne,59
neː,112
eːɑ,3
ːɑː,6
ɑːʀ,28
ːʀe,2
ʀeː,28
eːs,98
ːs,99
s p,22
po,65
poː,21
oːl,31
ːly,12
lyː,15
yːm,7
ːmɐ,2
mɐ,5
ɐ a,16
au,34
aus,15
us,16
s β,1
β-,2
β-d,1
-d-,1
d-k,1
-kl,1
klu,34
luː,15
uːk,18
ːko,7
koː,29
oːs,27
ːsə,30
sə,34
ə ʊ,9
ʊn,49
ʊnt,68
nt,328
t l,46
lɪ,28
lɪɡ,4
ɪɡt,5
ɡt,9
t h,177
ha,104
haʊ,31
aʊp,1
ʊpt,1
pts,2
tsæ,2
sæː,5
æːx,2
ːxl,1
xli,1
iːx,32
ːx,61
x ɛ,14
ɛk,12
ɛks,35
kst,23
stʀ,14
tʀɑ,11
ʀɑː,32
ɑːt,37
ːt͡,35
t͡s,282
͡sɛ,19
sɛl,34
ɛlu,7
uːl,25
ːlæ,5
læː,11
æːʀ,14
ːʀ,22
ʀ f,4
fo,45
foː,41
oːʀ,10
ʀ h,1
hɛ,434
hɛj,108
ɛj,149
j t,23
tr,48
trɪ,13
rɪn,35
ɪnk,7
nkt,7
kt,55
t ɣ,53
ɣe,176
ɣeː,255
eːn,316
ːn,510
n k,141
kɔ,73
kɔf,11
ɔff,12
ffi,9
fiː,19
iː.,4
ː.,14
. ð,31
ðə,769
ðət,62
ət,137
t ð,60
ðə,701
ə b,42
br,36
bre,12
reɪ,83
eɪn,71
ɪn,643
n h,197
hə,58
həz,19
əz,38
z t,29
tɪ,269
tɪ,268
ɪ w,15
wə,117
wər,77
ərk,28
rk,36
k w,11
wɪ,149
wɪθ,79
ɪθ,85
θ ə,21
ər,70
ər,761
r ˌ,21
ˌɪ,88
ˌɪm,15
ɪmˈ,22
mˈp,27
ˈpə,37
pər,85
ərf,3
rfɪ,1
fɪk,15
ɪkt,17
t ˈ,211
ˈɪ,80
ˈɪn,45
ɪnˌ,8
nˌk,2
ˌkə,5
kəm,50
əmɪ,6
mɪŋ,16
ɪŋ,283
ŋ ɪ,19
ɪˈ,46
ɪˈl,49
ˈlɛ,45
lɛk,47
ɛkt,70
ktr,14
rɪk,58
ɪkə,96
kəl,63
əl,266
l ˌ,17
pəl,16
əls,1
lsɪ,1
sɪz,26
ɪz,299
z ə,217
əˈ,201
əˈn,55
ˈna,29
naʊ,10
aʊn,69
ʊns,5
nsɪ,22
sɪŋ,20
ŋ ð,46
t θ,5
θɪ,3
θɪŋ,4
ɪŋz,13
ŋz,11
r ˈ,182
ˈh,128
ˈhæ,14
hæp,2
æpə,7
pən,14
ənɪ,14
nɪŋ,37
ɪŋ.,15
ŋ.,17
. ɪ,97
ɪk,238
ɪk,280
k z,27
zɛ,180
zɛj,138
ɛji,40
jiː,43
iː,296
ː d,146
dɑ,230
dɑt,164
ɑt,292
t ɪ,159
k d,50
t b,77
bɛ,129
bɛj,35
ɛjz,7
jzɔ,3
zɔn,12
ɔnd,60
ndɛ,87
dɛr,101
ɛr,261
r k,66
kɔn,12
ɔn,111
n ʋ,83
ʋa,43
ʋaː,63
aːr,357
ːrd,62
rde,38
deː,476
eːr,201
ːrɛ,66
rɛn,92
"ɛn,",68
"n,",205
", ɛ",38
ɛn,149
ɛn,574
n t,197
tu,94
tuː,74
uːn,54
n ɣ,59
ɣɪ,24
ɣɪŋ,6
ɪŋɛ,20
ŋɛn,35
n j,30
jɔ,55
jɔh,28
ɔhn,28
hn,19
n ɛ,86
n ɪ,134
k h,52
hɛt,210
ɛt,290
hœ,17
hœɥ,19
œɥs,31
ɥs,11
s b,37
bɪ,112
bɪn,33
ɪnn,17
nnɛ,29
nɛn,36
n d,254
de,316
eː,1066
ː p,86
pr,124
pre,15
reː,71
eːd,49
ːde,18
ː t,97
trɑ,19
rɑp,10
ɑp,11
p ɔ,4
ɔp,125
ɔp,96
p d,24
di,172
diː,183
iːe,86
ːeː,131
ː z,96
zɪ,62
zɪx,55
ɪx,76
x h,12
hɑ,95
hɑl,14
ɑlv,6
lvɛ,2
vɛr,150
ɛrʋ,18
rʋe,1
ʋeː,100
eːɣ,54
ːɣe,44
ː ɪ,54
ɪn,603
tʋ,16
tʋe,13
eːʏ,1
ːʏ̀,2
ʏ̀n,2
̀n,2
n s,108
sp,55
spl,6
plɪ,12
lɪt,12
ɪts,57
tst,17
ste,122
teː,293
ː n,86
na,191
naː,122
ːr,445
r d,75
ː v,89
vɛ,119
ɛrs,48
rsx,15
sxɪ,5
xɪj,3
ɪjɛ,7
jɛn,25
ɛnd,81
nde,49
vl,10
vlø,3
løː,18
øːʏ,20
ːʏɣ,4
ʏɣɛ,4
ɣɛl,15
ɛls,9
ls,60
s v,52
vɑ,129
vɑn,135
ɑn,203
eːb,18
ːbɑ,1
bɑw,6
ɑw.,3
w.,4
. t,35
tʲ,12
tʲe,43
ʲel,36
elʲ,25
lʲa,20
ʲat,7
ata,5
ta,14
a b,13
bɨ,22
bɨs,2
ɨst,2
str,76
tro,16
ro,6
o r,6
ro,44
ros,20
osl,7
slʲ,13
lʲi,59
ʲi,83
i p,48
prʲ,29
rʲe,49
ʲev,7
evr,2
vra,16
raɕ,1
aɕː,4
ɕːa,2
ːaa,1
aas,1
asʲ,11
sʲ,18
ʲ v,7
v,45
v l,8
la,63
las,13
ask,3
sko,18
kov,4
ovɨ,3
vɨx,4
ɨx,14
x k,13
ko,98
kor,7
oro,12
rov,6
ov,10
v ɪ,11
n 1,112
17,26
172,3
727,1
27,5
7 ɪ,2
n ˈ,314
ˈɔ,84
ˈɔr,8
ɔrd,63
rdə,10
dər,54
r t,66
ɪ s,21
se,49
seɪ,18
eɪv,31
ɪv,54
v ˈ,138
ˈm,223
ˈmə,31
mən,128
əni,18
"ni,",11
"i,",86
", ð",40
ə s,77
st,230
teɪ,88
eɪt,170
ɪt,156
t k,76
kə,162
kət,9
ə ˈ,436
ɪnt,81
ntə,39
təˌ,12
əˌr,6
ˌrɛ,27
rɛs,29
ɛst,108
t r,17
re,34
ɪt.,9
t.,107
. n,39
ni,127
niː,172
iːt,190
ːtʋ,4
tʋa,6
"ːr,",21
"r,",143
", m",88
mɔ,45
mɔn,17
ɔns,49
nsi,21
siː,82
iːʏ,12
ːʏr,13
ʏr?,1
r?,8
? s,2
sta,71
tal,17
ala,9
la,14
a s,21
tab,2
abʲ,2
bʲi,10
ʲil,28
ilʲ,19
lʲn,17
ʲne,1
nee,3
ee,7
e e,5
ek,18
eko,4
kon,3
ono,6
nom,5
omʲ,5
mʲi,19
ʲit,38
it͡,60
t͡ɕ,442
͡ɕʲ,82
ɕʲe,27
ʲes,23
esk,5
ska,12
kaa,2
aa,14
a i,10
i,34
pol,11
olʲ,16
itʲ,25
tʲi,28
a o,14
ob,16
obs,4
bst,8
tan,12
ano,4
nov,8
ovk,1
vka,2
ka,7
a l,5
lʲ,22
lʲu,9
ʲud,5
udʲ,9
dʲi,23
i r,33
ra,42
ras,14
ass,5
ssl,2
sla,11
lab,2
ʲis,23
isʲ,6
ʲ ə,1
əˈb,32
ˈbr,43
bræ,2
ræm,5
æm,5
m ʤ,1
ʤɑ,32
ʤɑf,1
"ɑf,",1
"f,",12
", ə",138
ə,301
ˈs,298
ˈso,18
soʊ,65
oʊv,16
ʊvi,2
viˌ,2
iˌɛ,5
ˌɛt,2
ˈf,211
ˈfɪ,27
fɪz,9
ɪzɪ,12
zɪs,6
ɪsɪ,15
sɪs,35
hu,76
hu,39
u n,10
nu,47
nu,54
u ˈ,33
ˈa,40
ˈaɪ,37
aɪn,72
ɪns,57
nst,58
taɪ,67
"ɪn,",21
", ɪ",47
n ə,194
ən,507
ən,746
n o,30
oʊ,22
oʊˈ,53
ʊˈb,6
ˈbɪ,18
bɪʧ,1
ɪʧu,1
ʧuˌ,2
uˌɛ,24
ˌɛr,29
ɛri,141
ri,151
i ə,92
əv,402
əv,407
", r",14
roʊ,93
oʊt,49
"ʊt,",4
"t,",96
", """,3
"""ð",2
"""ðə",2
ˈɔθ,6
ɔθə,7
θər,21
r ə,123
v [,1
[ð,1
[ðə,1
ˈp,240
ˈpe,13
peɪ,22
eɪp,15
ɪpə,4
ərz,96
rz,90
v 1,11
19,219
190,17
905,4
05,6
5 w,5
wɑ,274
wɑz,273
ɑz,272
z n,19
nan,48
an,164
ˈb,157
ˈbj,6
bjʊ,3
jʊr,18
ʊrə,12
rəˌ,29
əˌk,16
ˌkr,7
kræ,11
ræt,12
æt,68
t æ,7
æt,60
ˈpæ,11
pæt,4
ætə,10
tən,89
ənt,193
ˈɔf,25
ɔfə,28
fəs,9
əs,66
s ɪ,49
n b,125
bə,97
bər,117
ərn,61
"rn,",4
", e",12
ei,3
ein,5
ins,7
tei,3
in-,2
n-m,1
-ma,3
mar,7
ari,1
ria,2
ia*,6
"a*""",1
"*""",2
""" ə",2
ənd,510
nd,518
d ð,102
ðɪ,24
ðɪs,24
ɪs,171
s h,66
z ˈ,283
ˈr,146
ˈri,24
ris,7
isə,20
sən,128
ntl,21
tli,26
li,189
i b,45
ˈt,91
ˈte,20
eɪk,32
kən,114
ɛz,121
ɛz,121
ˈɛ,79
ˈɛv,18
ɛvə,47
vəd,5
ədə,12
dən,132
əns,62
ns,114
s ə,81
v ə,34
ə k,80
kəˈ,45
əˈl,60
ˈlæ,13
læb,4
æbə,7
ərˌ,34
rˌe,11
ˌeɪ,16
ɪtɪ,104
tɪv,35
v r,8
ri,46
riˈ,36
iˈl,12
ˈle,45
leɪ,91
eɪʃ,69
ɪʃə,118
ʃən,178
ənˌ,17
nˌʃ,6
ˌʃɪ,8
ʃɪp,9
ɪp.,1
p.,14
. ə,14
r n,48
aʊ,9
ʊ ˈ,30
ˈrə,6
rəm,91
əmb,29
mbə,66
bəl,57
əlɪ,17
lɪŋ,31
z ð,73
ˈæ,143
ˈæp,1
l m,23
ma,151
maɪ,25
aɪt,91
t s,56
su,23
sun,10
un,21
n ˌ,45
ˌɪn,59
ɪnˈ,52
nˈv,14
ˈve,5
veɪ,5
eɪd,38
ɪd,229
sm,19
smɑ,2
mɑr,44
ɑrt,72
rt,105
t w,56
wɔ,26
wɔʧ,2
ɔʧ,5
ʧ s,2
spe,11
eɪs,28
"ɪs,",17
"s,",78
ðo,8
ðoʊ,16
oʊ,126
ʊ ð,10
ˈk,254
ˈkə,66
əmp,24
mpə,35
pəˌ,23
əˌn,50
ˌni,21
ni,68
i ɪ,60
ɪz,80
z m,20
me,216
meɪ,68
nˈt,53
ɪnɪ,30
ɪt,50
ts,158
s ˈ,117
kəs,5
əst,42
stə,96
əˌm,15
ˌmɛ,15
mɛr,122
i ˈ,178
ˈsa,26
saɪ,54
aɪl,54
ɪlə,38
lən,92
ns.,12
s.,92
nɑ,57
nɑw,10
"ɑw,",7
"w,",8
", h",102
j ɣ,5
ɣɪn,23
ɪnx,120
nx,78
x ',2
't,10
't,10
haː,81
aːl,68
ːlɛ,93
lɛn,22
meː,113
ːr.,22
r.,95
. b,58
bɛs,41
ː e,39
eː,298
eːv,75
ːvi,7
viː,35
"iː,",6
"ː,",21
", s",24
sr,9
sre,10
eːw,1
ːw,1
w n,2
ːt,220
t z,103
zɔ,30
zɔ.,2
ɔ.,2
. ʏ,1
ʏ!,1
ʏ!,2
! h,7
hi,283
hi,254
i w,132
ˈn,98
ˈno,18
noʊ,65
ʊtɪ,13
tɪd,131
d f,48
fə,155
fər,148
r h,111
hɪ,185
hɪz,173
ˈl,142
ˈlɪ,50
lɪr,2
ɪrɪ,7
l p,21
pl,69
ple,45
eɪɪ,4
ɪɪŋ,10
"ɪŋ,",14
"ŋ,",18
d p,16
pə,92
ərˈ,66
rˈf,4
ˈfɔ,44
fɔr,83
ɔrm,25
rmd,8
md,21
d w,61
θ ʤ,4
ʤɑn,29
ˈko,5
koʊ,30
oʊl,63
ʊlt,5
ltr,4
trə,33
rən,76
"ən,",74
", ˈ",178
ˈd,169
ˈdɛ,36
dɛk,6
tər,270
ˈg,86
ˈgɔ,2
gɔr,2
hæm,4
æmp,7
mpt,7
ptə,10
hɔ,12
hɔz,1
"ɔz,",1
"z,",69
ˈʤ,62
ˈʤæ,23
ʤæk,8
æki,1
ki,30
i m,35
mə,62
məˈ,31
əˈk,33
ˈkl,50
kli,17
lin,2
"in,",4
d a,4
aɪ,18
aɪk,23
k ə,22
d ˈ,262
ˈti,8
tin,8
inə,43
nə,40
ˈtə,28
rnə,24
nər,73
"ər,",79
əˈm,75
məŋ,10
əŋ,11
ŋ ˈ,52
ˈə,46
ˈəð,16
əðə,63
ðər,99
rz.,21
z.,86
. h,148
ə p,41
pɑ,33
pɑr,38
ɑrˈ,11
rˈt,17
ˈtɪ,47
tɪs,28
ɪsə,20
səp,7
əpə,7
n ð,149
ˈən,11
ndə,85
rˌg,1
ˌgr,13
gra,7
raʊ,24
ʊnd,38
ˈre,11
eɪˌ,8
ɪˌl,6
ˌlr,2
lro,2
oʊd,13
"ʊd,",2
"d,",99
ˈi,30
ˈiv,15
ivɪ,16
vɪn,33
n p,115
pəˈ,31
əˈt,33
tɪʃ,11
ə n,38
u j,26
jɔr,18
ɔrk,20
k s,26
lɛʤ,3
ɛʤə,11
ʤəs,4
əsˌ,4
sˌl,2
ˌle,4
eɪʧ,12
ɪʧə,10
ʧər,34
sɪ,22
sɪˈ,11
ɪˈs,72
ˈsi,27
sid,2
id,32
fr,116
frə,83
əm,137
m ð,24
ˈj,29
ˈju,31
jun,35
unj,7
njə,26
jən,19
ˈpr,130
pro,43
oʊˌ,13
ʊˌt,6
ˌtɛ,27
tɛs,12
t ə,122
əˈg,21
ˈgɛ,29
gɛn,12
ɛns,60
sˈ,14
sˈl,8
ɪvə,26
vər,109
əri,30
ri.,11
i.,79
. ˌ,10
ˌs,11
ˌst,9
stɛ,83
tɛr,98
ɛrə,61
rəl,73
lɪˈ,3
ɪˈz,26
ˈze,7
zeɪ,7
lɪm,11
ɪmɪ,5
mɪt,26
d ɪ,110
ə t,38
ta,109
aɪp,2
ɪps,5
ps,13
ˈmɛ,130
mɛd,8
ɛdɪ,12
dɪk,10
l w,19
we,41
weɪ,27
tri,28
rit,11
"it,",3
", b",49
bət,51
əˈp,53
oʊp,10
ʊpr,1
pri,26
riˌ,14
iˌe,5
t f,36
æbr,1
brə,26
əˌt,25
ˌtɔ,4
tɔr,60
ɔri,14
əlʧ,2
lʧə,2
ˈsə,39
səb,16
əbs,6
z k,28
ənˈ,63
ˈtæ,11
tæm,2
æmə,27
məˌ,23
ˌne,17
neɪ,60
θ ˌ,6
nˈf,5
ˈfɛ,50
fɛk,10
ɛkʃ,13
kʃə,24
ʃəs,4
ɔrg,5
rgə,10
gəˌ,5
ˌnɪ,2
nɪz,2
ɪzə,16
zəm,4
əmz,24
mz.,2
. ɛ,16
ɛr,89
r ʋ,26
ʋɑ,156
ʋɑs,83
ɑs,87
s d,68
ː m,113
mɪ,51
ɪtd,12
tdɑ,6
dɑx,23
ɑx,24
kɛ,19
kɛn,99
ɛnn,8
nne,22
eːl,199
lɛj,121
ɛjk,120
jk,63
k i,7
iː,102
ːts,60
he,84
heː,83
ːl,85
l ɪ,39
nxr,3
xrɛ,15
rɛj,28
ɛjp,7
jpɛ,2
pɛn,45
ɛnt,102
nts,42
s ɣ,26
ːbø,5
bøː,7
øːr,26
rd.,15
d.,85
k m,33
mu,80
muː,48
uːt,48
zɛx,19
ɛxɣ,16
xɣɛ,15
ɣɛn,113
t m,103
ɛrb,15
rba,6
baː,56
aːs,28
ːst,32
eːf,45
ːft,44
ft,53
t d,183
ː j,34
jʏ,7
jʏr,2
ʏrj,2
rj,9
j h,20
hɛm,46
ɛm,52
m n,17
eːt,146
ːte,16
n ',7
'm,3
'mo,1
moː,50
oːr,171
ːrt,46
mɛ,173
mɛt,54
t v,115
vo,109
voː,89
ːrb,7
rbe,4
beː,107
ːdɑ,6
ɑxt,58
xte,17
ː r,38
raː,85
aːd,59
ːdɛ,24
dɛ',1
ɛ',1
' t,1
tɛ,59
tɛn,134
lɑ,37
lɑs,4
ɑst,13
ː ɣ,51
lɛx,9
ɛxt,24
xt,77
ft.,5
t ʋ,74
oːɔ,8
ːɔr,6
ɔrɑ,3
rɑl,3
ɑl,49
l d,30
ː œ,10
œɥ,49
œɥt,59
ɥtt,3
ttr,3
trʏ,10
rʏk,8
ʏkk,5
kkɪ,9
kɪn,15
x ɔ,20
p z,19
ɛjn,159
jn,121
eːz,61
ːzɪ,19
ɪxt,60
mɛj,66
trɔ,22
rɔf,2
"ɔf,",1
n v,102
vr,61
vre,8
eːm,78
ːmd,5
mde,6
mɛŋ,2
ɛŋe,4
ŋeː,24
ːlɪ,21
lɪn,32
x v,31
n ɑ,48
ɑn,24
ɑnx,21
nxs,12
xst,5
t ɛ,50
n ɔ,57
ɔpʋ,2
pʋɪ,2
ʋɪn,3
ɪnd,84
ndɪ,55
dɪŋ,42
bɛn,60
je,101
jeː,128
da,63
daː,60
r z,30
ze,103
zeː,127
eːk,80
ːkɛ,52
kɛr,46
r v,37
ɑn?,5
n?,30
? h,13
ˈgr,55
græ,41
ræʤ,11
æʤə,12
ʤəˌ,11
əˌw,9
ˌwe,15
m ˈ,61
ˈhɑ,16
hɑr,19
ɑrv,6
rvə,8
ərd,93
rd,107
d ˌ,21
ˌj,20
ˌju,20
unə,22
nəˈ,26
əˈv,26
ˈvə,27
ərs,62
rsə,27
sət,29
əti,36
ti,170
178,2
787,1
87,6
7 ə,6
z ɪ,48
ktɪ,48
d t,72
ɪ f,15
fa,57
faɪ,37
aɪ,100
ɪ ˈ,107
ˈbe,7
beɪ,9
ɪtə,82
tə,34
ˈkæ,50
kæp,9
pə.,1
ə.,21
hiː,23
iːl,27
ːlt,13
lt,52
n n,82
nɔ,26
nɔx,21
ɔx,42
x s,14
riː,81
iːf,21
"ːf,",2
", ɔ",22
ɔf,33
ɔf,33
f ʋ,3
ʋɑt,51
t o,21
oː,89
oːk,27
ːk,69
k ʋ,33
"ɑs,",8
ː h,143
hɑn,13
ɑnd,37
nd?,2
d?,6
? j,3
jɑ,37
"jɑ,",16
"ɑ,",20
. ˈ,156
tɪm,5
ɪmə,35
məθ,5
əθi,3
θi,4
bʊ,62
bʊʃ,58
"ʊʃ,",8
"ʃ,",12
ˈsɪ,93
ər.,42
. (,3
(s,6
(si,2
si.,7
. 1,3
728,1
28,5
8 n,2
si,36
18,60
181,6
815,2
15,9
5 n,6
ʊlʤ,7
lʤə,9
ʤər,42
pɔ,65
pɔj,53
ɔjɪ,57
jɪr,92
ɪrɔ,53
rɔt,56
"ɔt,",7
k b,31
t j,32
taː,84
aːt,122
zɑ,87
zɑw,47
ɑwy,70
wyː,52
yː,135
ʋɛ,86
ʋɛl,35
ɛl,81
l z,20
ːvɛ,100
vɛn,91
ntɪ,34
tɪx,23
x t,24
te,151
ː b,72
be,93
dɛn,128
ɛnk,20
nkɛ,14
ɛn!,9
n!,13
! ə,1
ˈnə,19
nəð,9
dɪ,150
dɪˈ,122
ˈsɛ,121
sɛn,59
"nt,",12
", i",4
iv,2
iv,6
lə,28
ləˈ,28
ˈpl,17
plɑ,4
lɑn,17
ɑnt,61
nti,19
"ti,",14
v ð,104
ə m,65
mo,74
moʊ,42
oʊs,22
ʊst,23
ba,140
baɪ,87
aɪˈ,22
ɪˈɑ,10
ˈɑg,5
ɑgr,5
grə,15
rəf,5
əfi,6
fi,5
v æ,3
æn,6
æn,27
ˈhə,30
həʧ,7
əʧɪ,7
ʧɪn,10
nsə,32
ɛrɪ,56
jez,1
eze,1
zeb,1
ebe,2
bel,2
el*,2
l*:,1
*:,2
: ð,2
ə ə,32
nˈk,18
ˈkɑ,61
kɑm,16
ɑmə,24
laɪ,65
aɪf,24
ɪf,20
f ə,10
ˈw,97
ˈwʊ,8
wʊm,2
ʊmə,13
u d,7
ɪˈf,23
ˈfa,17
aɪd,47
ˈpj,2
pjʊ,2
rət,29
ətə,14
ənz,39
nz.,13
ɪˈr,13
ˈræ,6
ræz,2
æzm,2
zmə,2
məs,22
ˈdɑ,15
dɑr,10
ɑrw,9
rwɪ,10
wɪn,51
n (,12
(d,6
(dɪ,6
sɛm,16
ɛmb,43
r 1,22
12,7
12,9
2 1,8
173,2
731,2
31,5
1 –,1
–*,2
–*,2
* ˈ,76
ˈe,26
ˈeɪ,46
ɪpr,13
prə,29
l 1,16
18,9
8 1,12
180,8
802,3
02,9
2 t,6
tre,22
d ɛ,16
ə f,62
fəˈ,6
əˈz,12
ˈzɪ,17
zɪʃ,13
d r,26
ʊt,37
ɪkˈ,20
kˈs,26
ˈst,70
sɪv,14
ɪvl,7
vli,8
i ɔ,9
ɔn,159
ɛdə,18
dəs,11
əsə,8
ˈbɑ,22
bɑt,5
ɑtə,10
z w,55
wɛ,43
wɛl,23
l ɛ,19
ˈpo,10
poʊ,22
oʊə,9
ʊət,6
ətr,2
z r,23
riɪ,4
iɪˈ,4
tw,12
twa,7
waɪ,62
aɪs,23
hæ,55
hæd,31
æd,32
d ə,95
mɪk,13
ɪks,34
ˈv,38
ˈvo,9
voʊ,17
tɪŋ,44
ˈrɛ,41
rɛk,41
ɛkə,34
kər,101
"rd,",21
fən,21
daɪ,29
ɪˈv,27
ərʤ,6
rʤɪ,4
ʤɪŋ,6
ŋ f,19
prɛ,97
rɛz,58
ɛzɪ,57
zɪd,42
ɪdə,61
ˈhɛ,38
hɛr,24
i ɛ,13
ɛs,9
ɛs.,7
ˈtr,30
tru,12
rum,7
umə,15
ə r,33
rɛ,14
ə ˌ,48
ˌd,12
ˌdɛ,12
dɛm,12
ɛmə,17
ˈkr,26
ætɪ,10
tɪk,37
k ˈ,55
ˈpɑ,48
rti,11
ti.,19
. ɔ,20
n m,149
eɪ,72
ɪ 2,10
23,10
23,13
3 1,13
195,45
953,10
53,9
3 ʃ,1
ʃi,53
ʃi,49
rid,35
ˈrɑ,24
rɑb,12
ɑbə,11
ərt,32
ˈsɑ,6
sɑr,4
ɑrʤ,14
rʤə,6
ʤən,15
t ʃ,10
ʃˈ,9
ʃˈr,5
ˈra,22
raɪ,62
aɪv,28
", j",18
jr,8
jr*,8
r*.,10
"*.,",7
".,",12
u w,23
z j,8
ju,75
juz,44
uz.,26
. æ,8
æm,3
æmˈ,8
mˈb,4
ˈbæ,19
bæs,1
æsə,14
səd,8
fræ,26
ræn,49
æns,27
s f,30
m 1,20
196,35
968,2
68,2
8 t,3
ɪ 1,20
197,12
970,4
70,4
0 ə,5
z ˌ,30
ˈva,15
vaɪ,25
aɪˌ,10
ɪˌs,2
ˌsp,4
spr,29
ɛzə,1
zəˈ,1
əˈd,17
ɛnʃ,15
nʃə,17
ʃəl,32
l ˈ,109
kæn,22
ænə,32
nəd,29
ədɪ,7
dɪt,23
972,2
72,2
ʋe,68
ː x,15
xr,29
xro,9
roː,30
oːt,61
nkʋ,2
kʋa,10
aːm,92
ːmɛ,58
mɛn,73
ːdœ,1
dœɥ,8
ɥtd,1
tde,14
ɛjɪ,30
jɪd,12
ɪdɛ,8
ːks,4
ksa,1
saː,46
ːlɔ,3
lɔn,6
ː k,136
oːm,50
ɛn.,126
n.,222
ˈəl,1
əlt,13
ltə,16
təm,12
əmə,21
mət,2
ətl,2
i s,62
sæ,10
sæŋ,3
æŋk,24
ŋk,47
ntu,22
tu,48
u ə,12
nˈd,8
ˈdɪ,34
dɪʃ,23
təl,26
stu,14
tup,5
upə,8
. o,9
ot,28
ot͡,40
ʲen,45
enʲ,14
nʲ,12
ʲ t,5
to,36
toɡ,3
oɡd,3
ɡda,3
da,13
a z,9
zl,2
zlɨ,1
lɨe,1
ɨe,10
e p,41
pop,3
opa,3
pad,2
ada,2
dal,9
alʲ,23
ʲ l,1
i h,26
ˈfɑ,33
fɑð,24
ɑðə,25
", ʤ",15
ʤo,2
ʤoʊ,8
ʊˈs,7
aɪə,64
ɪə,1
ˈfr,27
ræŋ,16
ŋkl,8
klɪ,13
", w",51
tæl,6
ælo,2
loʊ,55
ˈʧ,52
ˈʧæ,3
ʧæn,2
ænd,49
ndl,6
dlə,1
lər,42
ˈme,17
dəl,7
əlz,38
"lz,",10
ɪs.,13
. m,45
maː,145
sxɛ,18
xɛj,12
jnt,18
r ɑ,16
ɑl,67
ɑlf,15
lfr,12
frɛ,30
rɛt,12
nxl,48
xle,48
leː,103
ːtɔ,53
ɔrp,55
"rp,",5
"p,",24
eːe,23
aːn,189
ːnd,40
hʏ,7
hʏp,1
ʏps,1
psa,1
aːk,60
ːke,13
keː,51
eː!,2
ː!,4
ˈli,27
lid,8
idə,11
ə a,34
ad,3
ale,4
let,1
et*,4
t*,16
* v,4
vi,28
vi,11
i k,60
ka,103
kal,4
alk,4
lki,2
kin,9
inm,1
nma,3
ma*,1
a*,14
* p,8
pa,59
par,6
art,4
tis,3
isi,8
si*,1
i*,14
* (,10
(a,1
(ak,1
ak*,1
k*,5
ˈʤə,12
stɪ,57
d d,17
ˈvɛ,41
vɛl,25
ɛlə,59
ləp,6
əpm,2
pmə,2
ti),3
i).,2
).,10
. ʋ,23
s n,32
ny,33
nyː,38
ːrn,8
rna,7
ːms,1
mst,4
tɪn,18
ɪnc,1
nct,1
ct,3
n e,54
mɪs,29
ɪsd,2
sda,3
ːdi,17
iːɣ,34
ːɣɛ,76
ɣɛr,3
ɛr?,3
r?.,1
?.,1
. ɣ,4
ɣʏ,2
ɣʏn,3
ʏn,6
ːnu,4
nuː,12
uːɛ,66
ːɛɣ,11
ɛɣɛ,14
ːzɛ,22
zɛl,30
ɛlf,29
lf,22
f t,13
nte,11
ɛss,4
sse,6
seː,46
r m,63
iːɛ,45
ːɛk,9
ɛkɔ,2
kɔp,9
ɔpj,4
pjɛ,3
jɛs,16
"ɛs,",9
", d",63
dɑn,37
n z,108
zɑl,20
k j,16
jɑw,6
ɑw,43
w x,1
xɔ,5
xɔc,5
ɔco,5
coː,6
ːla,16
laː,106
aː,259
ɛsp,14
spɛ,28
pɛc,5
ɛct,10
cte,1
dɑk,7
ɑkt,6
ktə,40
eɪb,20
ɪbə,13
l t,27
ə ɑ,6
ɑr,24
ɑrm,36
"rm,",3
"m,",30
ɪnʤ,18
nʤə,17
bɑð,1
ɪm,25
ɪm,80
m f,22
ɛni,14
i j,25
jɪ,39
ɪrz,22
. i,19
is,37
isk,10
ske,5
ke,105
e b,34
ːd,17
d͡,58
d͡ʒ,146
͡ʒo,10
ʒo,4
o k,28
ku,62
kut,12
ut͡,43
t͡ʃ,91
͡ʃʰ,19
ʃʰ,8
ʰ ɦ,3
ɦu,19
ɦua,5
uaː,11
və,25
vəɦ,11
əɦ,33
ɦ i,2
it,10
iti,5
tiɦ,1
iɦa,1
ɦaː,26
bən,33
n ɡ,14
ɡə,28
ɡəj,10
əja,11
jaː,67
ː ।,88
।,122
। f,2
sɪk,6
ks,41
ˈwɔ,42
wɔt,6
ɔtə,21
lz,57
wi,7
wi,3
"uz,",3
ˈo,37
ˈoʊ,40
oʊn,57
ʊnl,18
nli,30
wən,51
t t,97
ɪ ð,55
iˈs,4
ŋ b,8
ɪn.,7
t e,61
rdɛ,30
? d,13
dɐ,65
dɐ,77
ɐ ə,2
nt͡,68
͡ʃa,15
ʃai,4
aid,5
də,31
ə d,45
dʊ,18
dʊʀ,18
ʊʀx,18
ʀxp,1
xpʀ,1
pʀu,1
ʀuː,5
uːx,14
t͡,386
͡su,52
suː,30
uːʀ,19
ʀ a,4
aʊ,29
aʊf,14
ʊfs,3
fst,3
tɛl,51
ɛlʊ,1
lʊŋ,3
ʊŋk,29
k a,11
ine,18
s ɔ,22
ɔʀ,2
ɔʀt,11
ʀtn,4
tnʊ,3
nʊŋ,5
ʊŋs,7
ŋsx,1
sxe,8
xeː,12
ːmɑ,10
mɑː,16
ɑːs,24
s ɡ,6
ɡe,28
ɡeː,30
laŋ,2
aŋk,9
ːm,111
m k,25
kv,4
kva,6
vaʀ,3
aʀk,3
ʀkm,1
kmo,1
oːd,25
dɛl,14
dɑː,26
fɪ,26
fɪl,28
ɪlt,10
lt͡,4
͡sɑ,1
sɑː,1
ɑːl,17
ɐ b,6
bi,59
biː,15
iːs,40
ːsh,6
shɐ,1
hɐ,1
ɐ ɡ,1
ːfʊ,3
fʊn,4
ənə,55
nən,68
n a,76
al,19
als,23
s e,24
ːle,19
ːmə,22
nta,8
taʀ,3
aʀt,7
ʀta,1
ɪlx,8
lxə,13
xən,15
ɑː,34
ɑːŋ,5
ːŋə,11
ŋən,4
ənɔ,4
nɔm,2
ɔmə,5
s s,32
sʏ,6
sʏs,3
ʏst,16
mə,28
mi,51
miː,57
ɪnə,23
nəʀ,24
əʀɐ,5
ʀɐ,6
ɐ ʃ,8
ʃt,15
ʃtʀ,8
tʀʊ,9
ʀʊk,9
ʊkt,16
ktu,10
an,24
ans,10
vən,20
iːç,9
ːçə,7
çən,2
no,71
noː,27
oːx,8
x e,14
ntɑ,10
tɑː,8
ːʀə,33
ʀəʀ,1
əʀə,14
ʀən,39
uːs,23
ːsa,6
sam,9
amə,5
ənɡ,2
nɡe,2
ːsɛ,9
sɛt,6
ɛt͡,3
͡st,8
zɪn,27
ho,56
hoː,50
oːf,33
ftz,1
tzʏ,1
zʏs,3
"rs,",4
hɑs,6
xs!,1
s!,4
! ˈ,5
ˈdʊ,26
dʊr,26
ʊrɪ,28
rɪŋ,47
ˈpɪ,24
pɪr,23
ɪri,21
riə,31
iəd,4
"əd,",4
nəl,52
əli,48
i d,49
dr,22
dro,6
ʊv,1
v h,28
z q,1
qu,5
qua,3
uad,3
adr,3
dri,3
ric,7
icy,3
cyc,3
ycl,3
cle,3
le*,8
e*,26
* t,10
ˈvɪ,17
vɪk,7
t ˌ,26
ˌæ,10
ˌæl,3
ælɪ,4
lɪg,1
ɪgˈ,15
gˈz,11
ˈzæ,6
zæn,1
ˈwɪ,37
ˈwɛ,21
ɛlˈ,3
lˈn,2
ʊn,31
ˈdr,16
dra,4
hɛv,2
ɛvi,3
ˈfe,17
feɪ,24
ərɪ,34
rɪt,15
t ɔ,69
ɑk,8
ɑkˈ,8
kˈt,11
ˈto,11
toʊ,15
oʊb,11
ʊbə,10
10,8
10,4
0 1,5
901,2
01,5
1 n,5
", z",50
s j,13
jɔŋ,7
ɔŋ.,1
ː y,5
yː,71
xra,3
aːx,10
iːr,45
r o,6
oːɣ,41
dɔ,46
dɔk,18
ɔkt,19
ktɛ,20
r b,65
baw,8
awɛ,8
wɛr,42
rst,75
tɛj,41
jn.,8
j ʋ,10
ʋɛn,6
ntd,8
tɔ,47
tɔt,18
ɔt,66
hn.,3
nˌl,2
ˌlɔ,2
"lɔ,",1
"ɔ,",5
ʤɔ,36
ʤɔr,34
ɔrʤ,32
rʤ,38
ʤ ˈ,32
hər,45
ərb,9
rbə,15
wɔk,8
ɔkə,7
rtn,5
tnə,6
", ˌ",38
ˌæv,1
ævɛ,1
vɛˈ,1
ɛˈr,3
rɛl,5
rɪm,9
brɔ,5
m ɔ,7
ɔfɪ,5
fɪs,7
sər,69
r ɪ,84
ðɛ,50
ðɛr,30
vɛs,7
stm,3
tmə,11
bæŋ,5
ŋkɪ,5
kɪŋ,40
ərm,21
ˈdə,32
dəb,21
əbə,43
əlj,22
lju,21
ju.,19
u.,18
ə.,3
192,17
926,1
26,6
6 h,4
ˈlɔ,13
lɔj,2
ɔjə,2
jər,20
z s,43
sɛ,18
sɛd,6
ɛd,21
d h,65
z p,17
iˈp,5
ˈpɛ,17
pɛr,24
ɛrd,33
ə θ,6
θə,5
prɪ,27
rɪz,3
zən,22
ɪ t,17
ɪ m,7
. a,17
am,6
ami,6
ke,115
e m,22
mut,4
uta,8
aːb,12
ːbi,2
bik,1
ik,9
də,34
də,2
ə	0,5
0,8
0	n,2
na,27
na,27
a	n,18
a	2,5
26,2
264,1
64,1
4	5,2
5,3
5	5,1
5	r,2
ra,2
aːi,36
ːid,2
id͡,24
͡ʒi,17
ʒiŋ,3
iŋɡ,17
ŋɡə,27
ɡə,29
ab,7
ab,1
b t,1
tə,37
tək,19
ək,17
k k,25
iːb,7
ːb,10
b 9,1
95,1
95,3
5 p,1
pʰ,57
pʰi,46
ʰiː,12
ːsd,4
sdi,1
pu,42
puː,16
uːr,23
ːri,21
ː ɦ,44
ɦo,19
ɦo,8
o t,48
͡ʃu,6
ʃuk,4
uki,2
kiː,77
ɦæ,50
ɦæː,52
æː,36
। p,5
r s,47
sx,31
xɛr,2
ɛrp,10
rp,42
p a,7
aː,120
ːn.,24
199,22
999,1
99,1
9 æ,1
ə 4,3
41,1
41s,1
1st,2
st*,13
æmi,5
mi,16
əˈw,18
wɔr,45
rdz,24
"dz,",9
mɪˈ,18
ɪˈg,36
gɛl,12
ˈnɑ,22
nɑm,16
təd,25
əd,20
"r """,1
"""b",2
"""bɛ",1
ˈsp,32
spo,13
oʊk,23
ʊkə,8
n w,45
ˈæl,9
ælb,7
lbə,8
bəm,3
ˈʧɪ,16
ʧɪl,16
ɪld,44
ldr,17
drə,24
"ən""",3
"n""",3
""" ɪ",3
dɪz,3
ɪzn,11
zni,2
niz,6
iz,54
ə l,44
ɪən,17
kɪ,24
ŋ i,9
ii,22
ii*,23
"i*,",6
"*,",53
"""ˈ",6
"""ˈs",2
sɪm,13
ɪmb,3
bəz,1
pra,27
rea,10
ead,1
ad-,1
d-a,1
-al,2
alo,5
lon,9
ong,4
ng*,8
"g*""",1
"*"".",1
""".",4
. ʤ,8
n r,46
ræ,7
ˈwe,8
ɪ æ,5
eɪ,24
eɪʤ,26
ɪʤ,26
ʤ 1,1
17,7
d s,50
sa,65
ɪlm,18
lm,12
kɑn,46
ɑnˌ,7
nˌt,10
ˌtr,13
træ,15
ræk,13
ækt,56
"kt,",7
rɪ,93
rɪˈ,94
ɪˈp,37
ˈpi,14
pit,7
itɪ,11
ɪdl,8
dli,12
bæn,8
idɪ,4
ŋ r,5
ʊlz,7
d n,11
ɪʤə,17
r f,28
rɪr,12
ɪr.,8
. d,78
dil,4
ill,8
lli,4
iːɖ,1
ːɖi,1
ɖij,5
ija,33
kaː,85
mək,4
əkk,4
kka,3
aː-,1
ː-m,2
-mə,1
məd,8
ədi,38
ːna,18
। h,9
ˈɔl,38
ɔls,33
lso,34
ʊ g,3
gɑ,5
gɑt,3
ɪ d,17
dæ,3
dæn,4
ŋ ɛ,5
l ə,47
hɛl,12
ɛld,29
ld,49
z o,8
kæ,19
kæs,5
æst,28
st.,16
ne,123
"eː,",8
", ʋ",33
ʋɑn,16
j ɪ,9
vɔ,30
vɔx,3
ɔxt,13
xtɪ,16
tɪɣ,14
"ɪɣ,",4
"ɣ,",10
kʏ,21
kʏn,18
vu,10
vuː,14
ːɛl,11
ɛlɛ,18
j r,6
rœ,3
rœɥ,14
œɥk,5
ɥkt,4
t n,82
r e,30
ɛx,5
ːrl,16
rlɔ,4
lɔx,2
ɔxʃ,1
xʃœ,1
ʃœɥ,1
œɥʃ,3
ɥʃɑ,2
ʃɑw,2
ɑwʏ,36
wʏd,34
ʏdɛ,19
r ɣ,31
ɣa,23
ɣaː,23
ɛrl,18
rlo,10
loː,57
n..,4
...,14
..z,2
.zɛ,1
lfs,4
fs,5
s ɑ,30
ɑj,31
ɑje,24
ː s,81
stʏ,5
tʏk,4
ʏkj,3
kjɛ,2
ɛs,30
paː,47
aːp,21
ːpi,7
piː,17
r œ,6
ɥt,24
prʏ,1
rʏj,2
ʏje,1
mɑn,32
ʋɔ,15
ʋɔr,15
ɔpɣ,15
pɣɛ,4
ɣɛs,25
spa,9
zɑk,3
ɑkk,5
kkɛ,14
ʋɛx,9
sty,6
tyː,18
yːr,34
r w,50
ˈʤo,6
oʊz,41
ʊzə,13
zəf,6
əf,9
f p,4
pi,23
pi.,3
ˈkɛ,37
ɛnə,75
"di,",3
"r.,",2
məð,13
ʊz,25
di.,5
alə,4
lə,24
my,6
myː,10
yːo,6
ːoː,37
ːsi,24
ːnə,35
s a,21
auf,20
uf,16
f m,7
n f,59
fi,12
ːve,15
veː,44
eːɡ,20
ːɡə,20
ɡən,23
zi,42
uːm,28
m #,1
#N,2
#NA,2
NAM,2
AME,2
ME?,2
E?,2
ak,8
akt,12
ɪnf,14
nfi,3
ːlɑ,11
lɑː,13
ɑːm,19
s ð,7
ði,5
ðiz,5
kˈw,17
wɛs,10
sts,16
s w,10
ˌɪˈ,12
ɪˈn,17
ˈnɪ,24
nɪʃ,14
i l,34
læ,13
læf,2
æft,41
f b,4
rig,13
igə,14
gən,19
ˌɔ,16
ˌɔt,3
təb,12
əba,5
"fi,",3
ɛnʧ,24
nʧə,14
ʧəw,8
əwə,8
wəl,9
i g,8
ge,18
geɪ,24
ˈæf,42
ftə,44
ˈka,15
kaʊ,18
tlə,2
ləs,15
lip,1
ipl,2
plə,10
naɪ,39
ts.,22
"s.""",1
".""""",1
"""""",1
""" p",1
pod,9
od,1
ru,15
ruk,2
uka,3
kav,2
avo,1
vom,2
om,25
m r,10
rub,3
uba,6
baʂ,1
aʂk,2
ʂkʲ,4
kʲi,32
i v,16
vʲ,14
vʲi,15
ʲid,12
idn,3
dne,5
nel,1
els,4
lsʲ,7
sʲa,24
ʲa,43
a t,40
ton,5
onk,3
nkʲ,6
ʲij,8
ij,10
rʲ,10
ʲem,17
emʲ,9
mʲe,30
ʲeʂ,3
eʂo,1
ʂok,1
ok,5
muʒ,2
uʒs,1
ʒsk,1
skʲ,8
ʲix,2
ix,10
ɕʲa,14
ʲas,3
aso,2
sov,5
v ɛ,5
zɑx,16
xtɛ,22
ɛr:,2
r:,4
: h,5
s o,5
k l,7
lɛ,50
jks,16
ksx,14
sxɑ,22
xɑw,18
wyw,22
ywɛ,17
"ɛr,",23
bɛx,11
ɛxr,11
jpt,1
pt,24
t ʏ,4
ʏ?,3
ʏ?,4
? ɪ,10
hɛp,58
ɛp,19
p v,10
ːɣɪ,9
ɑf,22
ɑf,12
f a,5
m',2
m'n,2
'n,11
pla,17
eːp,13
ːpa,6
ːld,10
ld.,7
hək,11
əks,11
ksl,11
sli,29
z b,54
bɔ,44
bɔr,53
ɔrn,62
rn,58
n g,9
go,7
god,1
oda,7
alm,2
lmi,2
min,14
ing,10
"g*,",1
"ri,",16
ˈɪŋ,20
ɪŋg,16
ŋgl,16
glə,16
nd.,32
ˈæn,25
", k",32
nˈs,20
sɪd,5
ki,116
wɪt,2
ɪtn,3
nəs,10
ˌp,24
ˌpr,11
prɑ,33
rɑs,5
ɑsə,7
səˈ,43
ˈkj,9
kju,6
juʃ,3
uʃə,13
", v",16
va,39
vaʊ,2
aʊd,2
ʊd,36
wʊd,20
ʊdə,4
ˈtɛ,51
tɪˌ,8
ɪˌf,4
ˌfa,10
sə,134
ərv,34
rvd,15
vd,47
pin,2
læs,16
wik,4
ik.,1
k.,40
. v,26
x m,19
r ɔ,40
"ɔp,",4
"zɛ,",2
"ɛ,",32
", t",28
rʋɛ,10
ʋɛj,35
ɛjl,10
jl,9
m ʋ,2
t ɑ,35
ɑfk,3
fkø,1
køː,3
ʏrɛ,3
ɔpn,1
pnɑ,1
ɑm.,4
m.,32
ˈde,14
deɪ,31
ɪvɪ,17
vɪd,2
ˈmæ,43
mæn,30
z (,5
(ˈ,26
(ˈe,2
l 3,1
30,2
30,3
r 2,10
998,4
98,6
8 w,4
ˈne,28
ɪdi,8
diə,7
iən,16
ˈæk,36
. k,26
kaʒ,2
aʒd,2
ʒdo,2
doe,1
oe,4
e u,16
ut,6
utr,4
o n,13
na,37
amɨ,4
mɨj,2
ɨj,26
j v,14
vʲe,26
ʲer,40
erx,1
rx,13
kr,37
krɨ,6
rɨʂ,1
ɨʂi,1
ʂi,3
mɡ,1
mɡu,1
ɡu,3
u p,18
odn,4
dni,4
nim,2
ima,1
mae,2
aet,11
ets,10
tsʲ,15
sʲ,18
sʲi,22
ʲim,10
imp,1
mpa,3
pat,2
atʲ,26
ɕʲn,5
ʲna,3
naa,5
a n,16
nau,2
aut,15
so,43
sot,4
otr,6
rud,2
udn,1
nit,13
͡sa,42
sa,5
a h,2
dræ,3
ræf,2
ftɪ,9
d b,60
sæn,7
ˌh,11
ˌho,4
hoʊ,26
ʊˈz,4
ˈər,17
ərθ,9
rθk,1
θkˌ,1
kˌw,3
ə 2,8
20,22
200,17
005,3
5 m,1
ml,2
mls,1
ls*,6
s*,60
* s,9
sup,2
upe,2
per,3
erd,1
rdr,1
raf,1
aft,5
ft*,1
"t*,",3
ˈɑ,44
ˈɑp,4
ɑpt,9
ptɪ,8
ɪ n,12
nɑt,33
ʃo,12
ʃoʊ,11
ʊ ə,11
əp,11
əp,17
p f,3
kæm,8
"mp,",2
tɛd,3
ŋ w,25
θ ð,23
nɪr,17
ɪrˈ,5
rˈb,6
ˈba,16
sou,4
oun,3
und,5
der,7
ers,5
rs*,3
s*.,8
*.,38
. w,25
θ ˈ,27
rɑʤ,3
ɑʤə,3
rz',3
z',7
' f,2
fe,25
nˈn,1
"ʊn,",2
big,1
iga,3
gam,1
amy,1
my*,2
y*,7
* ə,34
əˈf,20
fɛn,19
ʃəb,2
l b,28
pəb,20
əbl,29
blɪ,21
lɪk,33
wɪp,2
ɪpɪ,1
pɪŋ,4
ŋ ə,46
ənm,3
nmə,9
dɛb,5
ɛbə,2
ərə,69
rə,14
ə w,21
fri,14
i t,153
ɪ r,10
iˈm,7
nɛ,16
nɛr,14
ɛrɣ,16
rɣɛ,14
s t,45
dʏ,11
dʏr,3
ʏrf,3
rfd,1
fde,12
ɣu,16
ɣuː,16
bu,17
buː,6
j z,14
ɔŋe,9
x ʋ,18
ʋɛɣ,4
"ɛɣ,",2
dø,14
døː,16
dɪx,22
"ːd,",5
ː ɛ,26
ɛl,5
ɛlk,6
lka,7
r a,15
srɔ,3
rɔk,9
ɔk,4
k ɛ,12
ɛrv,18
rvɑ,10
ɑn.,2
nɪ,17
nɪˈ,7
ˈgl,6
glɛ,2
ˈlo,12
əˌl,14
ˌla,5
mæθ,8
æθɪ,2
θɪl,2
drɪ,10
rɪf,3
ɪft,11
fɛr,26
θ s,2
rue,5
uen,5
ens,6
nse,13
see,5
ee*,4
e*.,3
sɪr,13
ɪrə,15
ˌno,3
ʊ j,1
jɛ,15
jɛt,4
nʧ,10
ʧ ˈ,10
ˈmu,17
muv,30
uvi,10
"vi,",2
ʊ ɛ,2
ɛt,3
ˈtɑ,8
tɑˌ,1
ɑˌŋ,1
ˌŋi,1
ŋiə,1
ən.,48
. p,27
pos,6
lʲe,51
ʲe,37
e z,4
za,43
zav,1
avʲ,4
erʂ,3
rʂe,2
ʂen,18
eni,12
nia,23
ia,35
ʲex,2
exo,2
xos,1
osm,1
smo,5
mot,1
tra,29
ra,12
a e,2
eks,3
ksp,11
spʲ,5
pʲe,20
ert,3
rtɨ,1
tɨ,9
ɨ n,3
naz,2
azɨ,3
zɨv,4
ɨva,10
vau,7
ut,13
͡se,18
sen,7
enu,7
po,5
kot,10
oto,14
tor,19
roj,1
oj,31
j m,13
moʒ,8
oʒn,8
ʒno,7
no,25
o z,9
zab,3
abr,2
bra,13
rat,6
tʲ,39
ʲ a,1
av,6
avt,4
vto,5
tom,7
omo,7
mob,5
obʲ,10
lʲ,1
ʲ n,6
rɛc,2
jɔn,2
ɔnx,3
kn,7
knɑ,3
nɑp,4
"ɑp,",2
ːnt,18
ntj,4
tje,21
ː ʋ,56
r j,15
ʏnt,13
nt.,23
θ r,3
ɪˈh,3
rsɪ,11
pis,2
is,32
piˈ,1
iˈæ,4
"nə,",3
"ə,",22
præ,7
ɑmp,9
mpl,9
plɛ,13
zɪk,13
tæ,5
tæs,2
æsk,3
sk,3
k ɪ,20
ɪrl,6
rli,25
ˈif,4
ifɛ,4
ˈlə,23
rnɪ,5
təʤ,1
əʤi,6
ʤi,3
ˈæˌ,3
æˌk,2
ˌkʧ,2
kʧu,2
ʧuə,3
uəl,6
du,44
duɪ,6
uɪŋ,7
. ʃ,21
z æ,3
aɪm,38
m ə,38
ə c,6
co,12
co-,5
o-h,1
-ho,1
hos,1
ost,15
* ɔ,3
siˈ,1
iˈɛ,3
ˈɛˈ,1
ɛˈn,1
ˈnɛ,25
ɛnz,6
nz,45
krɔ,8
rɔs,6
ɔsˌ,1
sˌf,2
aɪr,12
. s,22
trj,9
rjx,9
jxn,9
xni,9
ɔrt,60
rtt,7
tt,5
ʏde,4
jke,7
duː,40
jnd,4
ɣɛ,46
ɣɛp,15
ɛpr,21
prœ,5
zɔɑ,7
ɔɑl,7
ɑls,42
sɔ,9
sɔm,1
ɔmm,2
mmi,2
ː ɑ,33
ːre,16
rɣɪ,7
ɣɪf,6
ftɛ,1
ːpɛ,20
ɛrk,35
rkɛ,2
rko,4
oːp,29
ːp.,2
a v,13
vt,1
orʲ,5
rʲi,41
ʲno,9
rɨ,4
rɨn,1
ɨnk,1
kʲe,5
e ʒ,1
ʒi,5
ʒil,3
a r,7
roz,5
ozʲ,4
zʲe,5
ʲet,37
etk,1
tkʲ,2
i z,8
zak,4
akl,1
klʲ,4
ʲei,1
eiv,1
iva,11
obo,6
boa,1
oam,1
amʲ,13
vo,5
o v,7
vrʲ,3
mʲa,3
emo,4
mon,3
ont,3
a ʃ,2
məl,37
təp,5
l s,26
ʊks,3
d l,20
ləŋ,2
ʊˈv,15
vɛm,15
r 6,1
6,5
6 2,1
004,2
04,3
4 ɪ,4
tar,6
arz,1
rza,2
zan,6
ana,10
na*,2
"a*,",2
ˌk,29
ˌkæ,13
kæl,13
ælə,18
rnj,12
jə,9
ə æ,3
ə e,11
ʤ ə,13
v 7,1
70,1
"0 """,1
"""a",1
"""aɪ",1
do,50
doʊ,13
ɪŋk,11
jʊ,3
ʊr,6
r g,4
goʊ,10
oʊɪ,20
ʊɪŋ,19
ŋ t,109
ɪ h,24
hæv,25
æv,20
ə h,21
hit,7
it,22
əm,1
t g,5
ɪ b,29
bi,35
hæn,4
"əl,",12
"l,""",1
",""",3
""" h",2
ɛd.,4
hɑt,43
ːvu,3
vri,20
ɑw,7
j ɔ,6
nsa,3
ɛnh,5
nhɑ,1
hɑŋ,4
ɑŋɛ,10
doː,35
aːz,6
ldɛ,10
dɛ:,6
ɛ:,6
: ɛ,2
pɔs,1
ɔst,16
stz,1
tze,1
by,4
byː,5
rɛa,4
ɛaw,6
"aw,",1
tɔx,24
x ɣ,11
ːkʏ,1
ɛpb,30
pbɛ,31
", n",27
ːmɪ,18
mɪ?,2
ɪ?,3
? m,3
p h,33
uːe,22
rɑx,16
xt.,10
klæ,6
æsɪ,6
ɑli,5
liˌ,7
iˌw,5
ˌwʊ,6
eɪl,30
ɪl,76
ˌtu,2
tut,2
itə,13
r l,24
lo,30
lor,1
orr,1
rre,4
re*,1
* ɪ,10
v w,6
wɔl,5
ɔlʃ,2
lʃ.,1
ʃ.,11
t x,10
xl,9
xlɪ,6
ɪml,5
mlɑ,4
lɑx,8
k t,25
uː.,4
k v,31
vɪ,25
ːma,16
l n,22
ːɣɑ,12
ɣɑl,9
l v,25
rʋɑ,5
ʋɑr,15
ɑrd,26
ʏnn,8
ˈɛr,9
ˈfl,16
flɛ,8
lɛm,17
ɛmɪ,9
ŋ (,3
(ˈɔ,2
ˈɔg,7
ɔgə,8
gəs,11
t 1,8
13,7
13,7
194,28
941,2
41,3
1 ˈ,4
15,13
5 2,1
003,5
03,7
3 w,8
ˈma,11
rəs,27
əmˈ,10
pæn,4
ænj,21
d c,4
ca,27
car,4
are,6
re-,5
e-g,1
-gi,1
giv,1
ive,3
ver,5
er*,14
r*,10
gru,6
ruʧ,3
uʧo,3
ʧoʊ,3
ʊ m,3
mɑ,51
ɑrk,18
rks,5
l j,18
. l,15
le,39
lek,9
eki,7
", u",2
us,16
usk,3
məz,2
əzb,3
zbu,1
t i,31
ir,4
ira,4
ːdo,5
don,9
on,63
e a,23
aːɡ,6
ːɡe,4
ɡe,6
un,20
unɦ,11
nɦe,4
ɦen,4
en,109
͡ʒ̤,14
ʒ̤u,1
̤uk,1
ukn,1
kna,2
pəɽ,4
əɽa,7
ɽaː,10
। ʋ,4
ʋɪ,32
ʋɪl,18
jɛj,8
mɛv,33
ɛvr,39
vrɑ,43
rɑw,56
w ɪ,25
p e,12
rɛŋ,5
ɛŋɛ,8
sj,18
sjn,15
tɪɑ,4
ɪɑ?,1
ɑ?,2
? ɛ,3
ˈza,10
zaɪ,10
ɪər,33
ɛlθ,2
lθ,1
θ g,2
gr,31
gro,3
"ʊz,",1
ðe,15
ðeɪ,15
ˈsk,20
skɑ,10
kɑr,12
spɪ,9
rɪˌ,2
ɪˌʧ,1
ˌʧu,1
d k,12
kri,11
iˈe,10
ˈvæ,2
væl,1
ælj,5
bɪˈ,62
ɪˈk,64
ˈke,37
keɪ,65
eɪm,94
m s,16
əbˈ,5
bˈm,1
ˈmɪ,40
v t,13
ˈəp,2
əpˌ,1
pˌs,1
stɑ,34
tɑr,18
ˈjo,1
joʊ,1
oʊh,1
ʊhɑ,1
idr,1
"e*,",10
u r,6
paʊ,8
aʊə,12
ʊər,14
176,2
760,1
60s,3
0s*,8
kɛj,8
k e,15
ːns,23
ns!,1
! z,6
ɪk.,14
ɐ f,8
fəʀ,27
əʀt,13
ʀtʀ,4
tʀæ,3
ʀæː,5
æːŋ,10
ːŋk,3
ŋkt,2
ə ʃ,17
tʀa,11
ʀaŋ,5
k p,17
paʀ,1
ʀt,25
m ʃ,10
ɐ d,10
tn,6
tnɑ,8
nɑː,23
ɑː-,8
ː-ʃ,3
-ʃɑ,2
ʃɑː,4
ɑːd,12
ːdə,21
ʊfv,1
fva,1
jkh,5
khɛ,5
ɛjt,40
jt,43
lfm,1
fmo,1
rʋi,1
ʋiː,5
ːrp,2
vɔl,21
ɔlk,4
lko,4
bəɽ,10
əɽe,8
ɽe,9
af,2
afs,1
fsə,1
əro,7
ron,14
ne,119
re,13
ːml,3
mle,1
le,18
e k,59
͡ʒa,30
ʒaː,29
aːɲ,2
ːɲt,3
ɲt͡,12
͡ʃə,14
ʃə,13
kəɦ,10
əɦi,21
ɦiː,37
। r,1
rod,5
od͡,1
nə,35
nəj,2
viv,1
vaː,34
d ।,1
। ɪ,9
p m,24
ɑrj,11
hɛn,19
zo,35
zoː,33
oːv,48
j ɛ,6
ɛx,6
hɑw,11
gʊ,6
gʊd,6
nuz,1
uz,6
z 1,8
947,5
47,5
7 ð,1
lɔf,4
gre,34
təs,9
kle,8
m ɛ,12
954,5
54,6
4 ʃ,4
"ʃi,",2
lɔŋ,12
ɔŋ,9
θ b,7
bɪŋ,2
rɔz,2
ɔzb,2
zbi,2
"bi,",7
ˈdæ,6
æni,5
"eɪ,",8
"ɪ,",14
d v,2
ve,22
era,12
ra-,2
a-e,2
-el,5
ell,9
lle,16
len,5
en*,5
"n*,",5
wa,42
krɪ,14
rɪs,22
ɪsm,5
smə,10
əs.,10
ʤ e,5
ɪʧ.,10
ʧ.,12
ndˌ,15
dˌs,6
ˌsə,6
n ʤ,13
ʊʃ,39
ʃ w,10
wʊ,12
bo,44
boʊ,21
oʊθ,13
ʊθ,21
m j,9
zɪˌ,4
ɪˌd,10
. g,4
vɪs,23
pæ,4
pæs,8
997,5
97,7
lɔ,36
lɔs,18
ɔs,10
ænʤ,3
ʤəl,5
lɪs,18
ɔrɪ,14
hɪl,4
ɪlz,14
mɪˌ,4
ɪˌt,8
i f,49
fl,15
flu,6
lu,8
p-,2
p-3,2
-38,2
38*,2
8*,3
ˈla,35
tnɪ,2
nɔr,7
ɔrθ,6
rθ,8
æfr,4
frɪ,6
ɪkɑ,4
v n,9
942,4
42,4
2 m,2
ːmɔ,3
mɔj,3
jɪs,3
ɪsɛ,3
sɛj,5
ɛjɛ,13
"jɛ,",10
ɛrn,8
rns,7
ː i,11
s ʋ,27
ʋɪj,8
aːɣ,24
nfə,5
fəm,2
994,3
94,6
4 ə,5
ˈsæ,16
sæˌ,6
æˌt,6
ˌtɪ,10
ˌde,10
lɪv,14
z h,30
pot,5
ray,2
ays,4
ys*,3
ˈɑr,32
rmˌ,2
mˌs,2
rɔŋ,4
"ɔŋ,",2
aʊt,27
ʊtˌ,10
tˌm,3
ˌmæ,20
mæs,13
u ɪ,11
pɛd,2
dəf,2
əfɪ,2
"ɪl,",5
"l,",43
rɪp,6
z ʃ,3
ʃə,7
ʃər,9
pʊ,5
pʊt,6
ʊts,5
maʊ,5
aʊθ,8
əra,21
ˈæd,23
ædə,23
dəm,29
san,3
and,28
dle,3
ler,3
er',4
r's,4
's*,37
* n,4
nɛk,8
ɛk.,2
ðɛn,16
haɪ,22
lig,5
gəl,8
rtm,5
siˌ,2
iˌb,3
ˌbi,16
biˌ,5
ˌɛs,2
bˈs,4
diˌ,12
ləm,21
mbi,11
biə,10
iə,18
dz.,7
(ˌ,2
(ˌʤ,2
ˌʤu,6
ʤuˈ,6
uˈl,9
7 1,10
159,2
591,2
91,4
t 2,1
20,4
16,11
164,1
643,1
43,6
ˈnɔ,6
nɔθ,1
rˌa,2
ˌaɪ,3
aɪz,21
ɪzd,15
zd,21
riʧ,2
iʧə,6
dɪs,17
dɪn,13
t ʧ,1
ʧə,2
ərʧ,9
rʧ,13
ʧ d,4
skə,11
kəʃ,1
əʃə,3
rup,5
"up,",1
ˌpa,1
paɪ,9
ɪəˈ,5
ɪr,30
brɑ,3
rɑŋ,4
ɑŋk,4
ŋks,8
ks.,8
s m,39
ːni,28
iːm,36
ːmu,6
m d,23
ɐ e,3
ktʀ,10
tʀo,9
ʀoː,42
oːn,91
ənp,3
npɑ,1
pɑː,11
ːʀɑ,10
ɑːb,16
ːbe,11
l i,7
fɑ,15
fɑː,14
ːlə,11
͡sb,4
sba,8
ban,13
ant,68
zə,2
zəŋ,2
əŋk,13
ŋkʀ,2
kʀɛ,2
ʀɛx,3
t y,37
yːb,13
ːbɐ,6
bɐ,6
m m,24
mak,9
aks,5
ksi,3
ɐ l,2
lø,6
øːx,3
ːxə,11
xəʀ,4
əʀp,1
ʀpɑ,1
oː,30
xtə,7
ə y,5
ːbə,23
bəʀ,14
əʀɡ,21
ʀɡæ,3
ɡæː,3
ŋə,7
əʀa,10
ʀaɪ,3
ɑːp,2
ːp,25
ːto,19
toː,35
ʀɡi,15
ɡiː,24
n i,36
ɐ k,9
kʀ,8
kʀø,3
ʀøː,3
øːs,8
tlʏ,1
lʏk,6
ʏkə,5
kə,8
mœ,4
mœk,5
œkl,5
x ɡ,1
ɡo,14
ɡos,2
osu,3
sud,5
uda,7
dar,4
ars,4
stv,9
tvo,4
m p,10
ʲed,22
edl,1
dla,2
laɡ,3
aɡa,2
ɡae,1
a u,8
ust,8
ovʲ,6
ʲ o,6
oɡ,2
oɡr,5
ɡra,6
ran,10
ani,16
nie,9
ie,61
e n,21
sk,40
stʲ,13
ʲ d,5
dv,8
dvʲ,6
ʲiʒ,3
iʒe,2
ʒen,5
a ˈ,5
ˈga,3
gaɪ,3
aɪg,4
ɪgə,11
gər,24
dɪd,42
ə i,15
iii,6
* æ,1
mˈf,1
fɪb,1
ɪbi,2
iəs,12
s k,26
kɔr,26
ɔrz,8
bæt,6
v ˌ,18
ˌo,4
ˌoʊ,12
ʊˌk,2
ˌkɪ,2
kɪˈ,1
ɑwə,1
"wə,",1
əˈs,23
ˈsu,8
sum,4
umd,3
ə j,45
ɛnθ,3
nθ,4
rmi,18
pɑn,9
ɑmb,2
mbæ,2
dɛ,28
dɛθ,7
ɛθ,3
lt,1
lt*,1
t*.,9
ˈʤɛ,18
ʤɛn,11
bɑl,1
ɑlə,29
ləv,8
əvə,19
ˈbə,15
bək,2
əkn,2
knə,6
mi.,6
ʊld,13
"ld,",11
ˈfæ,25
fæm,20
uvd,17
ˈhj,2
hju,2
jus,4
tɛk,10
ksə,18
səs,2
v θ,3
θr,26
θri,18
kˈ,9
rtə,30
rɪʃ,5
ɪʃ,31
ʃ ə,17
tɪa,11
ɪaː,14
ː l,46
tɛ.,10
ɛ.,30
lʏ,3
lʏx,3
ʏxt,10
zœ,1
zœɥ,1
œɥɪ,36
ɥɪv,2
ɪve,1
iɕ,8
iɕi,11
ɕie,34
inɻ,4
nɻu,3
ɻue,1
uei,49
ei,59
ti,128
i ɕ,13
ɕy,14
ɕye,30
yeʈ,3
eʈ͡,7
ʈ͡ʂ,294
͡ʂe,60
ʂe,20
e i,17
͡ɕi,239
ɕiŋ,43
iŋ,61
faɕ,1
aɕi,5
ɕia,122
ian,91
tʰ,57
tʰi,35
ʰik,5
ika,10
kao,17
ao,91
ɕis,5
isu,7
sua,4
uan,63
ɕi,49
sut,4
utu,6
u t,60
kʰ,57
kʰe,26
ʰen,8
ene,18
neŋ,13
eŋɕ,3
ŋɕi,17
ŋ j,13
jə,26
jəɦ,18
ɦ k,9
kʰi,13
ʰit,6
ita,11
b p,2
e v,20
ːli,28
son,10
onə,8
deʃ,4
eʃ,5
ʃ k,13
pəɦ,17
əɦl,11
ɦli,3
ləɽ,5
əɽk,3
ɽki,3
। ɔ,5
ɔm,40
ɔmd,7
mdɑ,6
oːʃ,4
ːʃe,8
ʃeː,12
eːx,13
ɑs.,9
fɑl,17
ɑlo,17
s æ,6
mər,47
rˈi,13
ˈin,6
' s,2
sku,26
kul,28
ul,20
l æ,1
t p,34
pɔr,40
rɔ,12
rɔɪ,11
ɔɪə,6
ɪəl,12
saʊ,6
ˌkɛ,5
rəˈ,27
mɛm,18
det,2
eta,8
tac,1
ach,3
chm,1
hme,1
men,71
ent,30
ts*,3
ˈbɔ,20
wɪˈ,3
ɑns,9
(b,14
(bb,2
bb-,2
b-9,1
-9*,1
9*,4
ləˌ,22
ˌwɛ,6
r (,16
b-2,1
-28,1
28*,1
* h,7
ʤæ,9
ʤæz,6
æz,6
pət,5
ɪŋə,9
ŋər,9
zər,2
. ɑ,7
j e,9
n x,15
tɑn,9
"ft,",4
l h,26
j n,9
aːf,4
ːf,26
f ɣ,3
zɪt,8
ɪtt,4
ttɛ,14
ʋɑx,4
eːh,18
ːhɑ,9
tt.,4
ɛrx,10
ɑrr,6
rrɛ,5
"nd,",35
", ɑ",17
ntɛ,9
. z,31
jɑp,5
ɑpp,10
pp,2
rtɛ,12
͡ʃo,4
ʃor,4
ori,7
ː ɔ,51
ɔː,32
ɔːr,38
r u,6
ːd͡,24
ʒor,3
ː ۰,1
۰۰,3
۰۰۰,3
۰۰,3
۰ l,1
lək,4
əkm,2
kme,2
me,2
in,13
inɖ,4
nɖi,4
pʰæ,6
ʰæː,6
æːʃ,5
ːʃə,25
iːk,16
ʰ æ,1
æː,2
æːs,8
ɦi,15
l r,18
rə,37
rəɦ,22
əɦa,19
ːrs,26
ɑfs,2
fsp,2
r ɛ,20
ɛr.,22
ˌɔr,3
nɑn,4
ɑnˈ,6
ələ,38
əˌs,6
ˌsa,10
ˈjə,9
jəŋ,15
əŋg,9
ŋgə,11
mɔr,37
ɔr,46
ræd,1
ædɪ,4
bl,13
blæ,7
læk,8
æks,8
ʧæl,1
ənʤ,2
nʤd,2
ʤd,8
tud,7
udə,4
ʊˈɔ,1
dəˌ,7
ŋ k,18
ɪti,28
i (,12
(sn,1
snc,1
ncc,1
cc*,1
c*),2
*),5
) ð,1
hɛd,4
ɪ ʤ,2
ʤe,18
ʤeɪ,21
ɪmz,25
mz,45
rmə,25
rtr,6
pte,6
"ɛl,",13
", '",4
'k,2
'k,1
rf,3
ʋɛt,2
ɛtd,3
tdɛ,23
ɛnp,7
npa,1
eːʋ,44
ːʋe,13
ːkt,8
kuo,40
uot,22
anʂ,7
nʂe,5
e x,8
xe,36
xe,30
e t,66
iŋt,19
ŋt͡,48
faʈ,9
aʈ͡,10
͡ʂa,31
ʂan,17
i ʈ,41
ʈ͡,155
͡ʂo,46
ʂoŋ,43
oŋt,22
ŋti,8
tia,17
sai,33
aij,2
iju,7
ju,30
u ɕ,5
ɕi,52
anj,8
njo,4
jou,24
ou,47
͡ɕʰ,89
ɕʰi,58
ʰij,8
ije,6
je,12
ɕiʂ,9
iʂu,15
ʂu,19
u k,25
kai,12
ait,31
sao,7
ɕin,57
inn,9
nni,11
n ʂ,20
ʂɻ,34
ʂɻ̩,117
ɻ̩ʈ,15
̩ʈ͡,15
͡ʂʰ,81
ʂʰa,24
ʰaŋ,7
aŋ,83
ŋ ʈ,25
͡ʂu,29
ʂua,15
anɕ,5
nɕi,15
iaŋ,47
͡ʂɻ,47
ɻ̩l,4
̩li,4
ɻ̩,71
̩ t,30
tat,14
at͡,22
͡ɕy,32
ɕyj,3
yjo,2
ʰip,3
ipʰ,3
ʰia,33
n ɕ,7
iŋʈ,5
ŋʈ͡,19
iao,55
aoi,2
oi,2
iŋw,1
ŋwe,2
wei,25
inl,2
nla,5
lao,6
i n,21
noŋ,5
oŋm,5
ŋmi,7
ɕyt,5
yt͡,4
tao,26
o i,10
ʰi,21
fen,15
enf,2
nfe,4
tʰa,25
ʰan,16
anl,15
nlu,1
lun,19
kua,18
nju,29
uon,2
oni,23
oŋʈ,5
oŋ,51
ŋ x,14
xu,29
xua,27
uat,3
atʰ,2
mei,11
eik,5
iku,7
uo,39
o w,4
wai,3
aop,4
opu,4
pu,8
u f,8
faj,2
aja,4
jan,11
anɻ,2
nɻe,2
ɻen,33
ai,67
i x,21
xue,17
eit,13
ɕiʈ,11
iʈ͡,29
ʰiw,2
iwe,5
wen,25
aŋl,1
ŋli,11
lie,18
se,41
e l,24
lia,36
o p,17
pao,13
aoʈ,12
oʈ͡,18
ʂa,5
a ʂ,3
ɻ̩t,17
̩t͡,10
ˈɛʤ,3
ˌke,9
tiʧ,4
iʧɪ,2
ʧɪŋ,1
ŋ m,7
mˈ,9
mˈj,10
uzɪ,11
ˈθ,14
ˈθɪ,4
θɪr,3
i æ,6
v k,24
iə;,1
ə;,3
; h,5
ʊ d,5
r ʤ,6
ˈwə,4
rkˌ,1
kˌʃ,1
ˌʃɑ,1
ʃɑp,3
p b,4
bæ,7
. ʂ,5
ʂo,8
ʂou,20
out,15
e ʂ,10
ʂe,21
ʂei,1
eiŋ,1
iŋs,1
ŋsa,2
tet,2
o l,11
uaŋ,14
aŋt,18
ŋta,13
tuʈ,2
uʈ͡,13
ali,7
ʂʰi,4
i ʋ,2
rdi,4
muj,6
ujɪ,5
jɪl,7
ɪlɛ,4
rɪl,6
ɪlj,29
ljɑ,2
jɑn,3
t c,1
caw,1
awʏ,3
wʏs,2
ʏsø,1
søː,1
ːɛm,12
ɛmɛ,2
x ɪ,23
s z,16
j d,17
ɛsx,6
sxʏ,9
xʏl,3
ʏld,6
ldi,2
rla,3
ɑfl,2
flœ,5
lœɥ,13
ɥst,14
ɛkk,7
! v,1
v s,23
sʲu,2
ʲuʒ,1
uʒe,2
ʒet,4
etʲ,11
et,9
eto,9
oɡo,22
ɡo,19
o f,7
fʲ,3
fʲi,3
lʲm,1
ʲma,1
ma,2
os,9
osɨ,1
sɨ,4
ɨ u,2
rai,1
aiv,1
sʲe,13
ʲeb,10
ebʲ,6
bʲe,17
e ɡ,8
ɡn,2
ɡne,1
nez,3
ezd,3
zda,3
v d,18
dʲ,16
dʲe,41
erʲ,16
evʲ,1
e o,14
otv,2
tvʲ,4
ern,3
rnu,1
nuv,1
uv,6
͡sv,12
svʲ,3
tas,2
ast,14
sto,17
toe,1
pok,3
okr,1
rɨv,2
val,17
lo,12
o o,9
on,16
ona,10
roʒ,1
ela,8
a k,11
kra,11
raj,3
aj,4
j s,18
sv,6
svo,3
voe,3
oej,1
ej,11
j k,10
kro,3
ova,9
vat,4
rʏ,8
rʏs,7
ɛrm,14
rmu,5
ujɛ,1
ː a,30
aːv,33
ːvɔ,14
vɔn,21
ɔnt,58
hɑd,6
ɑd;,1
d;,4
; ɪ,3
ːxd,5
xde,13
j c,5
caː,18
ʃ œ,1
jtj,1
nnɪ,8
nɪs,24
. u,8
uː,8
ːʀh,1
ʀha,2
han,2
ɐ p,7
məʀ,6
əʀɑ,4
ːse,16
kɛt,6
ɛtə,18
ənʀ,5
nʀe,8
eːa,10
ːak,3
kt͡,6
͡si,56
iːo,29
ːn-,4
n-p,3
-pʀ,4
pʀo,19
ːdʊ,4
dʊk,3
fɛ,13
fɛs,4
uː,18
kœ,9
kœn,9
œnə,9
əʀv,2
ʀvə,2
ɑːn,22
ə ɡ,9
ːfo,1
inɐ,10
nɐ,11
anʃ,2
nʃl,2
ʃli,2
ːan,2
tlʊ,2
ɡɛ,4
ɡɛl,2
ʀx,14
ːti,27
tiː,76
iːd,31
iːʊ,2
ːʊm,3
ʊmp,2
mpʀ,4
ːmi,28
ːt.,16
ulɪ,2
ˈɛn,20
d æ,17
2 h,2
rəð,24
"mz,",11
lɪʃ,16
ɪʃt,12
ʃt,11
ˈkʊ,1
kʊr,1
. e,14
fɑn,2
tɑs,2
ɑnn,15
nɛt,18
ɛtj,4
tjɛ,10
jɛ.,6
. f,10
fy,3
fyː,4
yːʀ,3
ʀ d,2
ʊfn,4
fnɑ,4
iːʃ,27
ːʃɐ,1
ʃɐ,1
ɐ n,4
nɛʀ,1
ɛʀs,1
ʀst,8
stɔ,32
tɔf,7
fə,9
ə v,22
vʊ,10
vʊʀ,10
ʊʀt,8
ʀt͡,13
laʀ,3
aʀx,1
ʀxi,1
xiː,5
ːtɛ,54
ɡa,8
ɡan,2
͡s,7
ːsɔ,2
sɔn,2
dəʀ,16
oːy,7
ːyː,7
yːt,10
ːtʊ,1
tʊŋ,5
vai,13
ail,10
il,28
x ʊ,4
təʀ,18
əʀʃ,12
ʀʃɪ,2
ʃɪt,2
ɪtl,5
xə,8
ʀal,4
lst,5
ʀʃi,5
ʃiː,10
əʀh,6
hal,12
alt,13
n ʊ,18
x f,5
əna,15
naʀ,1
ʀti,6
iːɡ,7
kʀæ,1
æːf,2
m b,17
boː,18
ːal,4
vəʀ,5
əʀd,5
ʀdə,7
jk!,3
k!,5
! n,2
ˌb,10
ˌbu,2
buv,2
viˈ,2
pru,10
ruv,5
uvz,1
vz,9
v m,12
arg,2
rge,2
ge',1
e's,4
rɪʤ,11
ʤ t,1
ˈho,9
oʊm,23
͡so,9
soŋ,6
oŋl,3
ʂʰu,26
ʰu,15
u ʈ,12
oŋk,8
ŋku,10
koŋ,24
oŋj,10
ŋje,3
yja,1
jao,15
uow,2
owa,1
l ʋ,10
ʋɑl,1
ɑlɣ,1
lɣe,2
jnh,1
nhɛ,4
ɪlɪ,13
lɪɣ,2
ɪɣe,3
rɔl,2
ɔl,37
iːp,21
ːpb,1
bɛt,18
ɛtr,18
ruː,35
uːf,6
ːfd,12
ːdy,5
dyw,4
ywn,1
wna,1
peː,13
dɛ.,11
ulz,2
tɪl,37
l k,34
kl,52
klo,11
ʊzd,2
"zd,",2
kɑ,27
kɑz,2
ˈbɛ,32
bɛr,25
its,4
blɑ,1
lɑk,5
ˈwa,14
ɪdˈ,1
dˈs,1
rɛd,10
ˈwi,12
wiˌ,1
iˌk,1
sˈn,2
ʊˌs,2
fɪʃ,6
ˈæs,3
skɪ,2
pip,4
ipə,6
ɪ p,6
pɪ,4
pɪk,7
p ə,5
ˈʃ,17
ˈʃə,2
ʃəv,1
vəl,23
ɛlp,9
lp,9
ʊt.,3
. œ,1
ːɛt,5
ɛtɛ,11
tɔn,17
ɛmɑ,10
p ɛ,6
kʋ,21
kʋɑ,15
ʋɑm,15
ɑm,18
r p,37
pɑs,16
ɑss,3
ssɛ,15
ɣɛm,1
ɛmu,1
bɑd,4
ɑdi,4
di,32
ʊvə,12
rˌh,2
ˌhi,1
ænɑ,2
ˈɛk,7
ɛkˌ,3
kˌs,7
ˌsɛ,7
sɛs,15
ɪg,10
ˈzɔ,1
zɔs,1
ɔsʧ,1
sʧə,3
ʧən,10
ʊk,15
l ʈ,1
ʂeŋ,43
eŋʂ,2
ŋʂɻ,13
̩ ʈ,7
ʂej,3
eja,3
jaŋ,13
aoʂ,8
oʂo,5
suo,20
uof,2
ofa,2
fa,6
a x,5
ao,1
aom,2
oma,8
man,12
ʰai,21
itu,3
pʰu,5
ʰuo,6
uoʂ,4
oʂɻ,6
eŋ,41
tue,17
eiʂ,2
iʂo,1
put,8
tua,5
n ʈ,24
ʰua,18
aŋɕ,1
r æ,7
ɪl,1
ɪlˈ,1
lˈs,2
hɔl,4
ɑtɪ,3
ɪŋˌ,1
ŋˌh,1
ˌhæ,2
"æm,",1
ˈʧɛ,8
ʧɛs,5
rˌf,2
ˌfi,2
fil,9
ild,4
l ð,16
ɑnz,3
kɑl,15
ɑlɪ,12
lɪʤ,15
"ɪʤ,",6
"ʤ,",7
mbr,2
brɪ,11
ɪʤ.,4
ʤ.,5
ːɛd,31
ɛdi,3
ntʋ,10
tʋo,9
ʋoː,37
rtd,6
: z,5
r c,6
"ɪʃ,",4
ɔm,36
m t,37
jœ,7
jœɥ,8
ːtr,2
ːze,17
zaː,18
zʏ,10
zʏj,4
ʏjɛ,5
dʏs,8
ʏs,5
ɑjɛ,12
ːɛj,1
ɛjœ,1
ɥɪx,1
ɪxɛ,1
xɛn,5
ɔfɛ,2
fɛl,20
lde,23
ːrɪ,23
ɕyn,7
ynl,1
nly,1
ly,3
y x,3
ɕy,10
y ʂ,1
ʂʰo,7
ʰoŋ,28
ŋka,2
o m,8
eiɕ,3
iɕy,6
ye,16
owe,1
anʈ,11
nʈ͡,28
ipu,3
puɕ,4
uɕi,11
ʂue,6
ʰio,5
iou,25
u ɛ,3
vɑl,7
ɑlt,9
"ːn,",15
", ɣ",8
ːlo,37
f ɪ,10
"ɪk,",13
"k,",40
nzɛ,3
ɛj.,7
j..,1
..,11
l l,9
t œ,7
ɥtɣ,7
tɣe,7
vy,1
vyː,1
uz,3
uzk,2
zko,2
koj,7
j l,7
est,21
stn,3
tni,2
e s,48
sos,1
osʲ,13
ed,5
opr,2
nas,4
as,7
ɡov,6
ovo,6
vor,3
ʲiʂ,3
iʂe,2
e ð,1
"ɪr,",8
əkə,14
ʧɛr,6
juˈ,32
uˈn,23
ˈni,8
nig,1
igr,1
ʤ f,1
ə u,2
unc,1
ncf,1
cf',1
f's,1
ərl,47
liə,7
ˈpɔ,35
ɛnr,16
nri,16
(bɔ,11
193,15
933,1
33,2
3 ɪ,2
"si,",3
ˌm,17
əˈʧ,11
ˈʧu,9
ʧus,9
usə,13
əts,14
ts),2
s),3
) ɪ,7
th,2
thr,1
hre,1
ree,3
ee-,1
e-s,1
-sp,1
por,7
ort,7
rt*,3
lɛt,6
n æ,7
ʊli,8
ʤ h,4
eɪə,9
bɔs,8
ɪtr,2
iət,8
960,5
60,9
0 (,1
(ˈw,1
ɪnθ,8
nθr,7
θrə,7
rəp,9
əps,1
ˈdɔ,16
dɔt,12
ˈro,19
ʊzˌ,7
zˌm,7
ˈɪz,2
zəˌ,10
əˌb,5
ˌbɛ,5
bɛl,11
l f,6
fɔ,47
ɔrb,3
rbz,2
"bz,",1
riz,21
r.),1
.),1
) p,1
ˈʤɔ,6
ʤə,2
v ʃ,2
ʃət,2
daʊ,5
stæ,15
tæn,6
ɪ θ,2
gə,4
rlz,4
aɪɪ,11
ɪp,8
p t,13
ɪ ə,17
"rk,",8
bɪz,9
znɪ,9
r ð,60
rik,12
ikˈ,2
rˌm,2
ˌmɪ,11
ːsɐ,3
sɐ,8
dan,2
mat,4
atʀ,3
tʀi,9
ʀiː,29
͡sə,9
m a,17
ʊfʏ,1
fʏl,3
ʏlə,1
ɐ ʀ,9
ʀɛ,7
ʀɛp,5
ɛpl,11
pli,12
ːkɑ,10
kɑː,10
iːɔ,14
ːɔn,12
nsl,12
slʏ,3
ɔŋɛ,4
ɪkʋ,2
kʋɛ,3
jls,1
p s,8
stj,5
tjl,5
jlɛ,5
lɛs,11
ntɣ,2
tɣu,1
ɛdɛ,32
sɛk,31
191,10
916,2
16,5
"z """,5
"""t",1
"""tæ",1
tæp,1
æpt,9
"pt""",1
"t""",2
""" t",2
ʤɔɪ,8
ɔɪn,16
ʊnz,5
ɪɪt,5
jeɪ,6
ɪl.,3
l.,24
koɡ,1
odʲ,13
ʲiɡ,2
iɡr,2
ɡro,4
zʲi,2
vz,2
vzʲ,2
zʲa,2
ʲ j,5
jee,4
s,16
sob,8
boj,3
maʂ,4
aʂa,2
ʲ r,2
sst,2
roi,3
oil,1
ila,21
ʲ b,3
bɪt,10
ɪtˈ,10
tˈw,9
win,14
d 1,9
3 ˈ,6
ɪrd,6
ðən,8
n θ,2
dəz,3
əzə,7
lmz,5
wɪʧ,36
ɪʧ,37
ʧ ɔ,2
ɔl,15
ˈʒ,1
ˈʒɑ,1
ʒɑn,2
ɑnr,1
nrə,1
lud,17
udɪ,15
ˌf,6
ˌfɔ,2
ɔrˈ,5
ɪŋɪ,1
ŋɪŋ,1
aʊˌ,4
ʊˌb,1
ˌbɔ,9
bɔɪ,7
ɔɪ,7
"ɑr,",1
ʤi,3
ʤin,4
ˈɔt,2
ɔtr,2
bʏ,1
bʏs,1
ʏsl,1
slɪ,2
lɪx,19
x n,21
ːɛv,14
ɛvɛ,11
srɛ,5
ɛjv,8
jvɛ,7
fæn,1
nəm,18
ˌtæ,3
tæk,5
lɪʒ,1
ɪʒə,20
ʒən,23
lɛd,15
θi,3
θiˈ,2
ˈæt,2
ætr,1
ɛli,3
flɑ,3
lɑp,4
ɑps,6
zæʤ,1
səm,21
rˌs,2
ˌsɔ,1
sɔl,2
ɔlt,8
lts,3
z d,17
sɛp,13
ɛpt,16
drɔ,3
rɔ,2
ɔ f,2
faʊ,15
aʊl,3
z ɔ,14
ʊnə,4
"ts,",8
kɪl,4
kæʧ,2
æʧ,2
ʧ ə,9
bri,8
rið,1
iðə,3
lœ,6
ɛr!,1
r!,3
! ʋ,1
ɔrɣ,8
rɣe,5
tsv,1
svɪ,1
: v,2
ːnɑ,8
nɑv,8
ɑvɔ,4
k ɔ,15
ɛnl,6
nlɪ,4
tʏ,4
tʏs,4
ʏss,8
ːkj,1
ʋi,4
rby,1
awt,2
wtj,2
huː,29
ːk?,3
k?,6
jk.,7
eːɛ,6
ɛde,3
trɛ,17
rɛf,5
ɛft,20
ft?,4
t?,14
? ʋ,2
nda,13
"ːɣ,",2
ɪɑ.,1
ɑ.,7
tɑp,6
bɛd,3
"ɛd,",4
", x",1
xre,4
rmɛ,3
ːʋo,8
x z,12
krɑ,2
"ɔm,",2
"ːp,",2
ʏns,4
tma,1
ɛmh,1
mha,1
964,6
64,6
wɛn,17
ˈʃɪ,3
ʃɪf,3
pɛj,7
"mɛ,",6
asə,7
səl,19
ʰil,22
ilm,19
lmə,21
ko,33
o s,18
bse,5
ɦle,7
rəd,4
əd̤,3
d̤a,4
̤aː,15
ːnm,6
ntr,20
nmo,3
moɦ,2
oɦə,1
ɦən,1
sin,9
inɦ,2
nɦə,3
ɦə,3
o d,10
dik,4
ikʰ,8
kʰa,18
ʰaː,28
ʃaː,29
aːɦ,9
ːɦt,4
ɦte,5
te,19
e ɦ,26
æːn,23
n ।,8
। ð,3
əlm,3
189,11
896,4
96,7
6 w,5
liʃ,2
iʃə,2
sel,10
elf,4
lf-,5
f-p,2
-pr,2
rop,3
ope,2
pel,2
led,3
ed*,10
d*,19
ˈvi,4
viɪ,3
iɪk,3
ɪmd,12
ə q,2
ʧ h,10
tes,3
st-,5
t-d,2
-dr,2
ove,3
ve*,2
ʤu,8
ʤun,7
n 4,2
4,7
. y,3
f v,6
ɑnm,4
nmɔ,3
ɣɛk,5
ɛkr,15
kre,10
k ɣ,13
iˌo,8
ɪli,4
ʃəˈ,1
kɑˌ,1
ɑˌg,2
ˌgo,1
ʊ k,10
kəb,4
əbz,1
bz,4
ɪsˈ,3
sˈb,2
bɔl,15
l g,8
ˈgɪ,16
gɪt,4
i ð,14
ˈaʊ,4
ˌtl,1
tla,2
ɪnz,13
ə g,15
ŋ ɔ,5
ˌɪˌ,1
ɪˌm,6
mæʤ,1
ʤəˈ,13
iˌt,7
ɛlɪ,5
ŋ g,1
gɪ,3
gɪf,3
fts,1
lɛʃ,2
ɛʃ,1
ʃ a,1
ɪm.,12
ɛti,2
nɪk,16
nɛf,3
ɛfj,3
fju,7
"ju,",2
"u,",6
uni,23
(n,11
(nɪ,3
ən),4
"n),",3
"),",17
m ˌ,7
ˌɛ,24
ˌɛn,5
sub,1
ubə,5
bəɦ,2
ɦ s,5
aːɽ,3
ːɽ̥,2
ɽ̥e,3
̥e,3
bəd,12
əd͡,22
͡ʒe,6
ʒe,7
e ʃ,3
ʃɔ,4
ʃɔʈ,1
ɔʈ,1
ʈ o,1
ok,6
oke,3
ɦon,14
one,11
d ʃ,3
ʃu,20
ʃuː,12
uːʈ,11
ːʈi,10
ʈiŋ,11
tʰə,4
ʰəm,2
m ɡ,1
। ˈ,4
ˈtu,7
tuˌ,2
uˌd,2
l ʃ,4
ænɪ,14
ətɪ,18
163,3
638,2
38,2
8 ə,5
d 6,3
60,7
0 ˈ,8
l a,5
aq,2
aqu,2
qui,2
uid,2
nec,2
eck,3
ck*,3
wət,4
ːme,5
ɑnk,7
ɑc,2
ɑct,2
cti,6
iːv,11
ːvɪ,6
vɪt,5
ɪtɛ,11
jɪt,4
mɑ.,3
xet,4
et͡,25
o j,11
jo,15
ouk,5
ukʰ,4
ʂuɻ,2
uɻu,3
ɻu,5
toŋ,17
ltɛ,7
rø,1
røː,2
ːʏs,3
ʏsɑ,1
sɑx,2
int,10
ʰiŋ,19
iŋʂ,5
ŋʂa,1
ʂao,6
aon,2
inʂ,2
nʂɻ,6
ɻ̩j,5
̩ja,1
fap,2
api,3
piŋ,11
ɕil,5
ily,1
y i,1
iʈ,4
ɕyk,2
yka,2
a æ,1
"ɪm,",10
əˈθ,5
ˈθɔ,4
θɔr,4
ɔrə,16
tiz,12
iʧ,3
iʧ,5
ɪ l,6
k ð,7
ɪkʃ,4
ʧ w,4
ˈzə,2
zəl,3
ltɪ,1
d o,1
of,2
off,2
ffe,1
enc,1
nce,1
ce*,2
* b,5
biɪ,8
iɪŋ,10
ŋ v,1
vj,2
vju,2
jud,2
ud,7
d m,14
məʧ,5
əʧ,10
ʧ m,5
əsl,9
li.,9
s ɛ,19
? v,7
vru,12
k r,1
rɛx,9
xtɔ,1
tɔp,3
p ɪ,8
oːb,12
ɔr,1
xɛp,3
ɛpp,3
ppɛ,6
æk,12
ɪŋl,7
ŋlɪ,5
ʂu,9
eip,3
ipi,3
e ʈ,10
u ɻ,6
ɻe,26
enj,5
jua,18
enɕ,3
ŋ p,19
pʰa,8
aiʈ,6
u l,5
o ʈ,14
aŋp,3
ŋpe,3
pei,8
kuʈ,2
ʂaŋ,18
ʊ ɪ,3
"ɪt,",7
dəˈ,3
kɑŋ,7
ɑŋg,6
ŋgr,6
r r,21
rmɪ,6
fɛd,5
ˈgə,11
gəv,11
rnm,4
rɛg,7
ɛgj,5
gjə,9
jəl,19
i ˌ,18
ˌæp,2
rˈæ,1
ʊˈf,2
iz',1
' ə,1
bɪl,17
ˌti,6
rˈv,5
ɪv.,4
v.,5
945,5
45,6
5 ð,3
spɑ,11
pɑt,5
ˌsɪ,6
sɪn,16
ˈnæ,21
næt,4
æti,7
wl,2
wlw,2
lw*,2
w*,2
* ɛ,3
. ɦ,1
ɦə,11
ɦər,4
rij,2
aːɳ,2
ːɳa,2
ɳaː,2
ab̤,2
b̤i,16
̤iː,17
nsu,2
b̤,30
b̤ə,8
̤əl,3
əle,1
nəɦ,13
əɦu,5
ɦuɲ,5
uɲt,5
"æː,",4
", l",20
əŋɡ,11
ɡəl,4
ʒ̤ə,9
̤əd,5
͡ʒd,8
ʒd͡,7
͡ʒə,30
ʒər,11
nir,2
ird,2
eʃə,1
ʃək,1
ket,3
etə,1
meɦ,3
eɦt,4
ɦta,3
e d,27
ʒəm,2
əmk,2
mkə,2
riʃ,2
iʃ,2
ːiː,19
। ʂ,1
aŋf,4
ŋfa,5
faŋ,12
nʂu,1
i i,21
ili,7
e w,8
aŋx,5
ŋxu,6
inx,3
nxo,4
xou,7
tiŋ,9
u h,13
p ɑ,4
xsk,1
skɔ,3
kɔm,22
ɔmt,5
"mt,",1
dɔr,20
rp.,5
ɛrt,38
pɪˈ,2
sɪf,6
ɪfɪ,13
ərp,4
rpə,4
pəs,3
vɔɪ,6
ɪəʤ,1
əʤ,2
ʤ w,2
ˈsɔ,4
sɔr,5
ɔrs,21
səz,6
plæ,7
læt,2
"æt,",3
rkə,8
nˌs,6
ˌsɑ,2
"sɑ,",1
ˈrɪ,14
rɪv,5
dək,8
əkt,6
u ð,9
ˈfʊ,6
fʊt,7
tˌb,7
v f,10
spɔ,7
rts,14
klɛ,7
ɛms,2
msə,4
ˈɑn,4
ɑnə,12
pəʀ,4
əʀi,5
n π,1
π-,1
π-f,1
-fɪ,2
ɪlf,4
lfɑ,1
ɑːx,10
ːxe,3
ɐ v,4
ənl,8
nlæ,4
əʀl,3
ʀlɑ,1
ɑːɡ,5
ɡəʀ,2
əʀn,9
ʀn,9
x d,32
ə ʀ,6
ʀɛf,2
ɛfl,3
kti,8
ːəʀ,5
ʀtə,3
tai,26
ilə,2
nʀɪ,1
ʀɪx,3
xti,3
k ʊ,3
at,8
atd,1
tdi,1
iːʀ,19
sha,6
alp,5
ːmt,4
mt,12
tɛm,20
ɛmd,1
wo,10
wok,6
oku,8
tap,2
apu,1
puf,3
ufe,2
tit,5
ɕʰy,31
ʰy,13
pun,3
une,1
ɕio,19
n ɻ,3
ɻu,1
ɻuɕ,1
uɕy,2
ja,39
aot,19
ˈbl,4
ksˌ,4
sˌm,5
mɪθ,10
lɪd,1
ˈnu,12
nuk,4
ukə,1
ɛnˌ,8
nˌf,9
nˈr,3
oʊ.,9
"ʊ.,",1
ʤæn,18
juˌ,20
i 2,9
28,3
179,7
797,2
7 w,3
n ʃ,17
ɛgn,2
gnə,5
iˌm,10
ˌmɔ,12
ɛkj,5
kjə,10
kə.,1
sœ,3
sœɥ,3
ɥɪk,5
ɪkɛ,6
rtɑ,1
x p,8
pɑk,3
ʧ ð,2
ɪ ˌ,14
ˌr,30
ˌri,6
ʊke,1
ɔrw,1
"ɪʧ,",3
"ʧ,",5
rˈm,6
ˈmɑ,19
ni.,9
p ʋ,2
ːʋɛ,11
nɑx,4
p x,1
faʂ,4
aʂe,5
xuo,9
ʂuj,5
uja,7
uti,8
i ʂ,21
̩ j,3
uns,1
nso,2
ʰao,8
oin,1
su,10
u x,6
xa,10
xaŋ,3
ŋtʰ,5
anf,3
fei,5
kue,3
p j,5
ɑk,21
ɛn;,7
n;,10
ɣɛv,7
rˌn,1
ləʤ,12
əʤə,3
d ɑ,3
meu,1
eus,1
use,6
se-,2
e-a,2
-ar,1
rgo,1
gon,1
onn,10
ne*,3
sl,24
slɛ,3
kɔs,1
gri,10
rin,10
rnd,12
ɑrə,16
ɔlˌ,4
lˌw,6
eɪz,20
θ d,2
rda,8
. c,2
j,1
t..,4
s r,12
du,8
"ɪ """,1
"""ˈm",2
vɪr,2
kɑp,2
ɑpi,2
piˌ,3
iˌr,2
ˌra,2
pɑl,13
əsi,6
"i.""",1
".""",4
jkt,1
l e,12
ːnv,3
nvɑ,3
vɑw,4
ʏdɪ,5
dɪɣ,2
ɪɣ.,11
ɣ.,21
ˈɛl,17
ɛlv,7
lvɪ,7
twɪ,3
(ˈʤ,6
ʤɛs,4
ɛsi,2
si,42
gɑˈ,1
ɑˈr,3
ˈrɔ,1
rɔn,23
ɛsl,7
li),4
i),4
) h,1
rθ.,1
θ.,4
sn,9
snɑ,1
klɑ,6
plɔ,12
lɔt,14
ɔts,9
tse,9
x a,11
ːnk,3
nkɔ,1
ɪxd,4
ɑtd,4
! b,1
bɑ,21
bɑr,12
ɑrs,3
stt,1
tte,23
slɔ,8
ɔtt,9
"ɔs,",1
ːtj,9
l ɣ,11
ɛk,12
jnl,7
nlɛ,12
ɔnm,4
zɔ',7
ɔ'n,7
ːvɑ,12
l o,7
k n,24
ʋo,17
f z,7
rɑ,13
rɑn,11
vlu,3
luj,1
ujp,1
jpl,1
lɑd,1
"ɑd,",3
f ɔ,6
rtj,4
ŋkə,8
ɑrg,4
grɑ,2
rɑə,2
ɑən,2
mæ,14
mæt,6
ɪmp,12
mps,6
psə,6
"jk,",10
ːru,5
jɑr,5
"ɑl,",3
m h,23
ɛkɛ,9
nt:,1
t:,4
: p,1
ɔrɔ,3
ɛrz,18
rzu,11
zuː,17
ːk.,9
tov,5
var,6
arʲ,10
ʲiɕ,2
iɕː,2
ɕː,1
ː ɡ,20
ɡen,11
ner,4
ral,8
al,19
rot,7
otʲ,10
ʲiv,10
ivn,1
vni,3
nik,14
rob,3
obr,3
naʂ,6
aʂ,3
ʂ k,1
kom,11
ndn,1
dnɨ,3
nɨj,10
j p,10
unk,9
2,1
939,3
39,4
9 ə,2
i 4,1
4 1,6
943,2
3 ə,7
898,1
4 h,3
ˈlu,20
ɑː,7
m ɪ,20
kam,8
ʀhæ,2
hæː,3
æːl,5
ːlf,3
lft,3
ːta,26
væ,4
væː,4
ɛlt,29
ksɪ,3
sti,16
bɛʃ,3
ɛʃʀ,1
ʃʀa,1
ʀai,12
aib,1
ibə,1
ʀ i,1
akn,5
knɛ,2
ɛtf,2
tfɛ,2
alb,4
lbk,4
bkʀ,4
kʀa,7
ais,15
s i,7
ks,1
ks-,2
s-y,1
-yː,1
yː-,1
ː-e,1
-eː,1
dɛs,5
ɛsə,9
n ʀ,13
ʀɑ,4
iːu,5
ːuː,5
ntʀ,5
ːpe,1
lkʀ,1
ʀaf,2
vɪʀ,13
ɪʀk,5
ʀkə,3
͡sk,1
skʀ,1
stɡ,1
tɡe,1
lɛɡ,1
ɛɡt,1
t ʊ,9
ʊm,6
ʊml,1
mla,5
laʊ,7
st͡,9
t u,3
ɑːf,3
ːfæ,1
fæː,3
ːŋi,2
ŋiː,2
k f,11
m ʀ,2
* w,8
rˈɛ,7
ˈɛs,5
səˌ,7
ˌkj,1
jut,4
utɪ,2
siv,10
ivd,10
rif,1
ifl,2
fli,2
tæf,5
æf,5
ɑni,2
z c,3
cad,1
add,1
ddi,1
die,4
ie*,1
woʊ,1
ɪdɪ,5
rəŋ,6
ŋɡa,2
ɡaː,16
ːrə,16
rni,6
niv,2
e 3,2
36,4
36v,3
6ve,2
ven,7
fes,5
esʈ,5
sʈi,5
ʈiː,13
ːvə,6
ː ʃ,11
ʃur,8
uru,8
rua,6
d̤,12
d̤u,2
̤uː,2
md̤,1
ɦui,4
uiː,5
ɑrb,6
"rə,",2
jə.,4
. ʈ,13
a ʈ,6
tiʈ,1
ə 1,18
198,21
980,5
80,5
0 ˌ,1
zɪˈ,9
ɪˈd,15
mia,4
iam,1
mi-,1
i-d,1
-da,2
dad,1
ade,3
de*,4
flɔ,12
lɔr,19
rɪd,11
də.,6
ɛsk,4
kɑt,9
ˈʃɛ,6
ʃɛl,7
ldə,12
ʃ (,7
(m,8
(me,4
5 1,13
895,1
5 k,1
bəs,8
"əs,",10
", o",8
ʊˈh,7
ˈha,16
aɪo,7
ɪoʊ,7
ʊ n,2
r 8,2
8,4
2 n,4
sɪt,23
) w,4
ːzi,14
rpl,3
ːxs,2
ʏk,4
ɔpp,2
ppr,1
tsx,2
xɑp,3
p l,4
ɛtt,13
rlɛ,14
sde,4
ː ',1
'z,1
'zʏ,1
ɛr',1
r',1
' d,1
bɪd,4
948,3
48,3
jub,2
həm,1
əmf,1
mfr,1
trœ,1
kɛl,5
; l,1
lɑʋ,8
ɑʋr,8
ʋrɛ,8
rs,19
vɑs,3
ph,2
ph.,2
h.d,2
.d*,2
d*.,2
təˈ,12
k θ,1
iˈɑ,1
ˈɑl,6
955,8
55,9
5 f,1
k ʤ,1
eɪ.,3
ɪ.,6
d (,3
(mɑ,3
ɑrʧ,11
ʧ 2,3
25,6
25,10
909,2
09,2
9 n,4
26,4
6 1,7
996,3
oʊʧ,5
ʊʧ.,1
sir,6
irp,4
rpʰ,4
pʰə,8
ʰə,5
ə 8,2
88,1
88,2
8 ɡ,1
end,16
ndo,9
ʒəb,7
əb,6
b u,4
nɦo,7
sɔː,5
ɔː,3
ːra,18
kij,14
। ɑ,2
tɑ,10
ɑːk,4
k ʃ,5
ʃp,8
ʃpa,6
pai,4
aix,7
ixə,3
ɐ x,1
xlo,4
ːʀɔ,1
ʀɔp,1
ɔpl,3
ːbɪ,3
ːtə,9
ʀʃʏ,1
ʃʏs,1
ʏsi,1
çə,5
ːsʏ,4
sʏn,3
s ʃ,3
ʃtæ,1
tæː,8
ːʀk,1
f n,8
"ːt,",7
ʏr,4
ɔt.,1
œɥm,3
ɥm,3
m v,16
vɛj,10
ɛjf,15
jft,2
fti,7
ːɛʋ,5
ɛʋɛ,6
m z,8
jfɛ,5
ɛnv,6
nve,2
rtɪ,22
x j,6
naw,3
awy,4
ywe,4
weː,4
ːnz,1
nzɑ,1
zɑɣ,1
ɑɣ.,1
rvɔ,3
ɔlɣ,8
lɣɛ,9
rzɔ,4
zɔx,2
oːz,2
ːfɔ,1
rse,3
ː o,17
rtœ,6
tœɥ,16
ɥɪɣ,9
ɪɣɛ,16
zɛt,18
ɑt?,4
ʊ h,6
rəb,6
ʊl,19
ləg,1
əgə,5
flæ,2
læm,4
ˈru,10
ino,9
ʊ ɔ,2
ʊp,3
p ˈ,7
ɑpr,1
rld,18
i 1,16
80s,1
p ð,5
"ət,",6
ini,6
ɻ̩ɕ,1
̩ɕi,1
liʂ,1
oŋe,1
ŋe,1
e ɕ,11
taŋ,13
aŋj,1
ŋju,1
aŋn,1
ŋni,2
ʰya,6
yan,9
anp,14
npu,5
siʈ,1
atu,3
tuo,4
oʂu,1
ɕya,3
anm,5
nmi,7
ʰam,3
ame,6
̩ta,3
uai,8
aii,2
ii,14
nʏ,2
nʏt,1
ʏtt,2
ttɪ,2
891,1
1 f,1
ɛnʤ,4
ˈɛd,5
lum,4
ˈmo,14
oʊʃ,15
ʊʃə,13
ɪ ʧ,1
ʧi,5
ʧif,5
if,4
f ˈ,14
893,1
93,5
3 h,4
nəf,3
əsʧ,1
͡ʃɔ,6
ʃɔː,6
ɔːt,2
ːtʰ,22
tʰe,4
ʰe,12
vik,1
ike,7
keʈ,3
eʈ,2
ʈ p,3
non,9
əll,5
leb,6
eba,5
ʒon,2
e 1,4
134,1
34,6
4 ɡ,1
14,4
149,1
49,3
9 r,1
ʒoɽ,1
oɽ,2
ɽ d,2
e ।,19
। n,4
nɪt,21
ɪtʀ,4
dɪf,12
ɪfʊ,1
ndi,10
ʃn,2
ʃnɛ,2
nɛl,4
ənv,1
nva,1
vas,5
asɐ,2
ɐ ɪ,3
2 b,2
e-e,4
ele,4
lec,3
ect,3
tio,4
ion,6
on*,4
n*,12
ˈfi,8
fit,6
rl,2
səʀ,4
ʀde,1
ʊʀd,2
bai,16
yːʊ,1
ːʊŋ,1
ʀɡe,2
pʀ,19
oːʏ,7
ːʏt,9
ʏtʀ,5
das,5
nʊ,1
nʊk,2
ʊkl,4
eːo,2
anʀ,6
ːɡʊ,5
ɡʊŋ,6
ŋst,4
͡sʊ,1
sʊs,1
hɑː,4
vɑt,3
ɑtt,4
sʏl,3
ʏlt,6
lta,5
aw,2
wʏt,2
ʏtɔ,1
ɔps,1
psi,2
a j,13
eti,7
iŋ,7
iʂɻ,2
̩ k,3
oŋp,3
ŋpu,2
ʰut,2
utʰ,3
tʰo,21
ŋ ʂ,6
ʂa,6
ŋpʰ,1
ʰin,9
ʂuf,1
ufa,4
npʰ,7
u z,6
akx,2
kxɑ,2
xɑː,5
ːʀo,6
ɐ ʊ,2
ʀkt,2
nɪx,4
t ʀ,3
ʀe,12
ːdu,6
ɪʀt,18
p͡,5
p͡f,9
͡fl,5
fla,7
lan,8
s l,12
aɪx,3
əʀf,9
ʀfʏ,1
fʏk,1
ʏkb,1
kbɑ,1
bɑː,4
ːʀɐ,1
əʀs,9
f f,4
ɪss,8
ssx,4
sxi,4
jy,1
jyː,1
jzɛ,3
zɛn,15
s ˌ,6
sək,11
əkˈ,12
", f",13
lɛf,11
"rz,",11
ˈdi,8
ɔɪt,5
əmo,3
ˈbi,6
bil,1
ɛɣ.,1
ˈkɔ,13
rdɪ,19
fly,1
lyn,1
ynn,1
nn',2
n's,4
ɛmˌ,2
mˌw,2
ˌwɑ,2
wɑr,2
ɑrz,3
rɑu,1
ɑul,1
lʃ,1
ʃ ',1
'ˈ,3
'ˈb,2
bɑˌ,2
ɑˌr,2
ˌro,2
ʊd',1
d',1
' b,1
bar,3
arr,3
rry,2
rym,1
ymo,1
mor,5
ore,3
re',1
fˈ,3
fˈj,5
rps,6
ə ʧ,4
ʧɛ,2
flɪ,1
kəv,6
ɪˈt,14
ʊm,6
kɑk,1
bʊl,2
ɑr.,1
40,3
40,3
0 ɡ,1
do,7
ʃʰə,5
ʰək,3
kke,6
e ɔ,5
ɔːk,5
dəd,5
e 7,1
74,1
74,3
4 r,1
ːkə,6
or,8
bun,4
nij,5
। a,3
nle,5
ːɡɑ,6
ɡɑː,8
van,11
bɛk,4
ɛkʀ,2
kʀɪ,3
ʀɪf,1
f ɑ,3
ːmy,3
yːl,8
oːi,3
alɡ,2
lɡe,1
mai,2
ʊmf,2
mfa,2
fas,3
ina,11
naɡ,1
aɡk,1
ɡkʀ,1
kʀe,1
ʀə,7
yːs,9
ːʃ-,1
ʃ-x,1
-xe,1
ːŋe,4
eːɔ,1
ːɔʀ,1
tne,3
ːdɪ,7
n y,8
ɪ ɔ,3
pɛk,7
l c,1
cu,2
cur,1
urt,4
iz*,1
"z*,",1
rim,2
iml,1
mli,2
rdˌ,3
dˌw,3
ˌwə,4
rkɪ,5
ːkɔ,5
ɔmb,3
ːʀi,5
ːpɑ,4
ːtu,4
ʀ b,3
s ʀ,2
ː-p,1
ːŋ-,1
ŋ-t,1
-tn,1
ː-ə,1
-ən,1
s ʊ,3
xts,3
zʊ,1
zʊx,1
ʊxt,1
ʃv,5
ʃvɛ,1
əʀx,1
ʀxʀ,1
xʀo,2
ə o,6
ːdɐ,7
ːmo,6
oːɡ,6
ə x,4
xʀ,1
ːso,2
soː,13
zɛk,3
ɛkv,4
kvə,4
ːda,10
ːr?,5
mɑx,3
x b,6
"xs,",3
ːho,5
rpɛ,3
pɛs,1
ɛrh,7
rhɛ,2
lɑt,2
ɑtp,1
tpl,2
'b,2
'be,2
ɛn',2
"n',",2
"',",3
'ɪ,2
'ɪn,1
ɑn',1
n',1
' ɛ,1
nzo,1
ːvo,1
ɪvd,6
lic,3
ich,2
chf,2
hfi,2
fie,2
iel,4
eld,2
ld*,5
rbi,3
. j,36
ːɡr,1
ɡri,1
dun,2
r i,17
koi,2
oiː,3
pe,16
peʈ,2
eʈe,2
ʈen,2
enʈ,11
nʈə,4
ʈə,6
n ɦ,7
kta,2
। d,13
ʒis,4
əmu,1
͡ʃi,8
loɡ,15
ɡon,12
tiʃ,1
iʃb,1
ʃba,1
ʒiː,7
tʰ,15
ʰ s,2
əla,9
ləd,3
ədd,1
dda,1
ːkʰ,6
kʰ,2
ʰ ɔ,1
ːnɦ,1
aːe,9
ːeɡ,3
eɡi,4
। s,3
əsv,1
svi,8
ren,4
peʃ,4
। j,6
uku,7
pum,3
ume,3
ɕiw,1
iwa,2
waŋ,3
ink,3
nkʰ,3
kʰu,15
ʂut,5
ŋ ɕ,9
ʰyt,2
yta,2
ŋ n,3
lii,2
ʊʃi,4
ʃiˌ,3
ˈθi,4
θiə,5
əb,3
nʏ?,1
i ʃ,8
ʃɛ,6
ʃɛr,3
ˌt,6
ˈta,12
rˌb,4
ˌbæ,2
bæk,2
tiv,2
kˈn,5
fj,4
ɛpʃ,2
pʃə,2
"nz,",4
ʤ s,2
aʊs,21
ʊsˌ,1
sˌw,1
mæˌ,2
æˌg,2
ˌgi,2
"gi,",1
ŋ s,12
lis,13
"sə,",1
ˈið,2
əpl,1
kla,28
kan,16
ʃva,8
feː,4
nlɑ,1
n u,9
ːən,6
iː?,4
ː?,4
? ˈ,7
ˌnɔ,2
nɔt,2
uzd,5
hɛf,4
k ɑ,8
rm,16
bus,1
us-,1
s-s,2
-si,1
siz,8
ize,1
ze*,1
təf,1
əft,1
i θ,5
pæk,2
ækɪ,1
foʊ,8
ɛfˌ,1
fˌj,1
əpt,7
ɛxd,8
bɑn,8
ntʏ,3
tʏe,2
ʏeː,2
tsp,6
n œ,5
ʋɪs,5
d̤o,10
̤on,10
ːki,7
kis,12
ist,28
ːpʰ,7
pʰ,2
ʰ 1,1
141,1
1 r,1
beɦ,1
ɦtə,1
nid,1
o b,12
ʃʰe,1
ʃʰo,1
ʰoɽ,1
dij,4
। m,9
w ʋ,2
"ɛj,",6
"j,",12
pʀi,9
ənf,3
nfɔ,3
fɔʀ,8
ɔʀm,8
ʀm,5
əʀm,4
ʀmɛ,1
mɛʀ,1
ɛʀt,3
ʊmv,2
mva,2
vɪl,3
ltʏ,2
tʏp,2
ʏpʀ,2
m ɑ,5
ty,2
yːp,2
fsx,1
sxy,2
xyː,2
yːʋ,4
! m,6
"st,",14
ɔrc,10
rcɑ,10
cɑs,10
s œ,4
"ɥt,",5
ɑwt,5
wt,5
xtɣ,2
ɪjɪ,3
jɪɑ,1
ɪɑm,1
"ɑm,",2
w d,1
tœ,1
œɥn,2
ɥn,1
lpt,2
"pt,",3
rne,7
lɑŋ,6
ɑŋe,3
nun,1
kəg,2
əgˌ,2
gˌn,2
ˌna,4
ɪəs,2
kaɪ,1
"aɪ,",2
ʊlə,8
ʊ s,6
ɪfə,10
"ɔ,",4
jʏj,1
ʏji,1
"ɛt,",3
zɛ.,1
ˈɔs,1
ɔsk,3
rər,16
i c,1
cl,5
clo,5
loo,4
oon,5
ney,6
ey-,2
y-f,1
-fe,1
fer,2
err,3
rer,4
986,5
86,6
6 ʃ,2
æŋ,4
duˈ,1
uˈɛ,2
ˈɛt,3
θ w,2
"n """,2
"""ɪ",1
"""ɪt",1
"ɪs""",1
"s"".",2
ʃ l,3
øːn,1
i ɻ,8
ŋ u,2
eŋt,19
y ʋ,1
f d,16
k œ,4
ɥts,3
rɑk,17
lte,5
rpr,3
ɑk.,2
ˈvɔ,6
ɔɪɪ,2
ɪɪʤ,1
ɪʤɪ,7
ʤɪz,4
"ɪz,",8
ɛru,5
ruæ,5
uæk,5
θ f,3
ndz,19
dz,39
z f,41
əm.,4
ʤ 8,1
85,1
85,2
5 ə,8
ˈmɔ,5
iəl,10
nˌd,7
ˌdɔ,3
gɪb,1
ɪbɪ,2
z 5,1
5,4
5 ˈ,5
902,3
02�,1
2�1,1
�19,1
19*,3
* d,5
989,2
89,2
9 w,4
ʃ ˈ,9
ɑvə,6
ət.,4
ntk,3
tkɛ,3
t.ɛ,1
.ɛn,1
səɦ,2
əɦv,2
ɦva,2
ːɡ,3
ɡ n,1
ap,20
apn,13
pni,4
əpr,1
res,4
es,3
6 ɡ,1
r 5,2
50,3
50,9
0 r,3
। b,2
rˈθ,1
ˈθɑ,2
θɑl,2
əmˌ,3
mˌj,1
u ʤ,1
(v,1
(vɔ,1
ɔɪs,2
næn,8
ɑrˌ,3
rˌt,3
ɪt),1
t),1
fiʧ,3
nəˌ,8
ˌme,4
əˌv,18
ˌvɪ,11
vɪʒ,16
"ɪd,",7
ˌha,10
aʊˈ,7
ʊˈɛ,7
ʃɪ,1
gɪv,3
əl.,7
xt?,1
ʃɑ,4
ʃɑr,3
ɑrp,2
ˈʃu,2
ʃut,3
utə,5
pɔɪ,10
nʤ,5
ækj,1
θro,3
188,6
884,1
84,2
4 t,4
890,1
90,2
ævɪ,7
vɪŋ,17
riv,3
ivi,2
viə,5
nɪʤ,6
ɪʤm,1
ʤmə,1
ɪlˌ,3
ɪz.,7
f h,6
sɛv,11
ːrz,8
rzɪ,3
kəʈ,1
əʈr,1
ʈri,1
kæː,4
ətɔ,1
tɔː,2
r ɦ,11
ːro,8
। k,3
kɑˈ,1
ˈrl,1
rlu,1
luʧ,1
uʧi,1
ʧi,1
dɛp,2
ɛpj,3
pjə,15
jət,5
krə,13
981,1
81,2
1 ə,9
6 ˈ,4
næʃ,5
æʃə,6
kjʊ,6
æd,4
ædˈ,1
dˈv,3
6 ə,3
987,4
7 ˈ,8
zɪg,2
gˈn,4
ɪnb,3
nbə,5
ərg,4
ˌn,4
ˌnɑ,3
əld,12
ˌkɑ,9
ɑnf,3
ɛnɪ,23
v 9,1
91,1
1 t,1
1,5
1 v,1
esu,1
u v,5
etr,1
rom,7
trʲ,9
ʲep,2
epa,1
pal,8
sux,1
uxʲ,1
xʲi,2
ʲie,6
ebl,1
blʲ,8
nev,4
evʂ,2
vʂi,6
ʂie,3
ot,14
etn,3
neɡ,6
eɡo,11
sol,3
oln,8
lnt,1
ʊpə,4
um,13
ldɪ,7
ŋ æ,2
aʊz,7
ˈhi,1
ˈgæ,10
gæs,2
æʤu,1
ʤuə,1
rɑm,9
"li,",14
t ʤ,12
ʊʃ.,8
ɕʲt,12
ʲto,11
to,24
oʒe,1
et,15
sd,5
sdʲ,4
lat,10
ʲ s,7
ʲnɨ,8
vol,5
ol,4
jes,5
esl,7
i o,10
vp,2
vpr,1
rʲa,5
ʲaʒ,2
aʒe,4
slo,10
lom,8
ann,7
nnu,2
nuu,4
uu,8
pov,1
voz,5
ozk,1
zku,1
ku,13
u i,6
xuj,2
uju,3
aik,2
aox,1
oxu,1
xu,3
̩ m,1
mam,3
ama,3
a m,7
mʲ,7
ena,8
j i,3
mɨ,5
mɨ,7
ɨ s,5
dav,2
av,3
mol,4
olo,9
lok,4
oko,3
jex,1
exa,1
xal,1
i ɡ,2
ɡu,3
ɡul,5
ulʲ,6
ʲ ˈ,2
kæθ,10
æθl,6
θlɪ,7
rv,3
20t,2
0th,2
th*,12
h*,13
θ t,3
rvɪ,12
r ',5
'd,1
'da,1
aɪ?,1
? a,2
ɪ ʃ,3
ʃʊ,4
ʃʊd,4
"ɑt,",2
dɪr,2
ɛlo,2
oʊ',1
ʊ'.,1
'.,2
mir,8
ir,12
ʰ l,3
ləɡ,11
əɡa,8
və,3
ula,6
uke,2
b̤a,9
ː 3,1
6va,1
ːlɡ,2
lɡi,2
ɡir,2
irə,3
seʈ,1
ɡəi,4
əi,12
i ।,4
। ɕ,2
ʰa,8
a p,16
suʈ,1
̩ ɕ,4
otu,2
ʂʰe,20
ʰeʈ,1
ieʈ,1
ud,3
ud̤,2
d̤ə,2
̤ər,6
roɡ,4
ədl,3
ːv,1
rte,3
ɦue,10
ue,11
dev,2
eva,9
nəi,2
mis,5
isʈ,2
sʈə,2
ʈər,4
ːim,1
im,12
nis,6
ːsl,2
। ʃ,2
993,4
3 t,3
001,2
1 ɛ,1
ɑld,2
894,2
4 n,3
22,4
22,6
963,5
63,4
ˈɛm,6
əˌg,6
ˌjʊ,2
piə,2
ˈis,2
mˈw,1
ˈik,2
iko,8
m w,11
səf,2
əfə,1
kts,8
næʧ,4
æʧə,6
isɔ,1
dɪˌ,3
rˌp,1
ˌpɑ,10
pɑp,11
ɑpj,11
jəˈ,7
æθj,2
θju,2
152,1
522,1
v b,10
ɛmp,11
rˌɛ,4
wɪl,23
ljə,30
jəm,14
sis,4
bø,2
øːd,1
əʀo,2
f k,6
lai,24
ʀa,4
ʀau,2
aum,2
ʏdɔ,5
dɔj,5
ɔjr,5
jr,2
ːrʏ,8
rʏɣ,3
ʏɣ.,2
nao,3
aol,4
oli,2
ik,4
sit,10
͡sʰ,28
sʰo,3
miŋ,13
sʰa,12
ote,5
pɣe,11
ʋɛk,4
ɑfɣ,5
fɣɛ,2
xɑf,1
ɑft,1
"lɑ,",1
ːrɔ,9
ɪk?,1
? ɑ,2
rmo,2
xʏr,1
ʏrk,2
rbɛ,6
ɛma,11
ɥtʋ,2
tʋɛ,6
ʋɛr,28
x l,8
ŋɛr,2
r.t,1
.tɔ,1
x o,7
ɛnb,1
nba,1
sjm,3
jmp,3
pto,2
jf,7
f y,2
ɔx,1
ʏs!,1
! ɪ,4
nsx,1
ːʋɔ,8
ʋɔn,8
kak,3
akʲ,2
ɡl,3
ɡla,2
lav,2
avn,4
vnɨ,2
nɨe,9
ʲek,15
eka,5
kar,3
tva,2
va,4
a d,2
dol,1
olʒ,1
lʒn,1
ʒnɨ,2
nɨ,7
ɨ v,5
vx,2
vxo,2
xod,6
v a,3
apt,1
ptʲ,1
ɕʲk,3
ʲku,2
u a,1
d̤r,1
̤rə,3
", a",3
aːʃ,7
ːʃi,1
iːʂ,1
ːʂ,1
ʂ n,1
neɦ,1
eɦr,1
ɦra,1
pne,6
ov,7
ovə,4
ːsr,9
sri,3
͡ʒ,12
ʒ a,1
apʰ,3
pʰr,2
ʰri,2
bol,6
olɖ,1
lɖə,1
ɖə,2
kʰə,6
ʰər,6
b k,2
। t,6
ʰyn,4
yni,2
ɻ̩,4
̩ju,1
jue,1
oŋʂ,8
liŋ,9
ɻ̩k,3
̩ko,3
inɕ,6
ŋ l,15
o ʂ,6
enɻ,1
anx,8
nxu,11
ua,15
ʰif,2
ifa,5
xai,5
joŋ,7
uoʈ,6
siw,1
aŋʂ,6
̩ ɻ,3
enʂ,5
̩ ʂ,2
yes,1
esa,1
tuʂ,1
uʂɻ,7
uap,1
aŋs,2
iŋl,2
iet,5
mao,1
u ɣ,1
jʏf,4
ʏff,4
ffr,4
frɑ,5
w h,5
oːʋ,9
ːʋɑ,10
tim,5
all,5
ll-,4
l-a,1
-am,3
mer,4
eri,4
ica,5
can,6
an*,6
ˈʤu,4
inj,3
izə,4
jɑ.,3
gu,1
gue,1
ues,4
t-s,1
-st,3
red,2
hɪm,6
mˈs,6
nb,2
nbc,2
bc',2
c's,4
brʊ,2
rʊk,1
ʃil,2
ldz,1
ɪtˌ,1
tˌk,2
suz,1
uzə,7
7 (,1
(ˈʃ,1
ˈʃɔ,3
ʃɔr,6
rtl,3
luz,3
zɪŋ,7
n).,2
187,8
879,3
79,3
9 h,5
əˈʃ,2
ˈʃi,2
ʃin,4
z ɛ,8
ɛf,8
ɛf.,6
f.,16
bro,12
os*,2
ʊ.,8
lʊ,3
lʊk,3
ðɛm,5
iz.,5
n 2,7
05-,1
5-0,1
-04,1
04-,1
4-1,3
-12,1
12*,1
2*,1
bɑb,2
ɑb,7
b d,2
ri:,1
i:,1
: ə,2
ɑr,14
(i,1
(is,1
isb,1
sbn,1
bn*,1
* 6,2
607,1
076,1
763,1
634,2
341,1
418,1
ʧ t,5
tɔk,5
ɔks,2
frɔ,4
ːrɣ,5
jɪn,5
xso,1
kte,14
ɔf.,1
sik,4
ikj,2
juː,5
riʈ,2
iʈi,2
ekə,3
pul,7
uli,10
dva,3
kəɽ,5
iza,1
kie,3
əje,1
ota,3
ːɦi,1
sʈ,4
sʈa,3
ʈaː,6
ːil,2
l ɦ,3
əɡ,2
ɡ ɦ,2
f o,2
ɛsr,4
* θ,1
ɪf.,4
eː.,6
ːpɪ,2
pɪx,4
dɛ?,2
ɛ?,5
nmɪ,4
ːbɛ,4
ːtt,5
hɔn,3
rdœ,1
rɪʧ,9
bəŋ,4
dɛd,3
"əm,",6
ɪjʏ,2
jʏm,2
ʏm,4
e j,6
ʰ p,4
pʰo,10
ʰoʈ,8
oʈo,8
ʈo,6
ʰiɲ,4
iɲt,4
͡ʃv,5
xru,5
ɛn:,5
n:,8
zɛɣ,1
ry,7
ryː,7
yːz,7
st!,3
t!,8
! d,2
mæː,11
æːt,9
͡ʃ,10
e 4,2
40v,1
0ve,1
tət,2
ətʰ,2
ek,17
8 r,3
bəʈ,2
əʈo,1
ʈor,1
। z,6
hɔr,5
: ɑ,2
dɔm,4
slœ,1
ɥɪt,11
ːty,11
ʒəv,1
əva,1
b m,2
ʰel,6
eln,4
lne,6
ː ʈ,3
ʈi,3
m 4,1
44,1
44.,1
4.1,1
.1,1
1 o,1
ovr,3
vro,1
29,4
298,1
aːu,4
ːuʈ,4
uʈ,5
ʈ ɦ,5
o ɡ,6
। ɛ,2
k y,3
nkb,4
kba,3
p ',2
npl,8
ːtœ,8
nvɛ,5
rkl,10
r y,1
ɑˈ,2
ə (,3
965,2
65,5
5 ɪ,3
wɑn,2
"ɑn,",3
oʊ),1
ʊ),1
ˈmi,3
mid,2
idi,2
vət,4
1 w,3
mɪʃ,8
θie,2
ieɪ,2
nɑl,6
ɑl?,1
l?,2
ʃʊr,1
nuˈ,2
uˈf,2
ɪˌk,5
ʊbz,1
ˈdu,9
dus,7
ŋ θ,1
θru,7
ru,19
ʧ ˌ,2
ˈvɑ,4
lvd,3
hot,1
ot-,1
t-w,2
-wa,1
wat,1
ate,3
ter,1
ɛkˈ,4
ker,4
ero,4
ose,4
ne-,2
e-b,1
-ba,1
bas,1
ase,2
sed,1
"ʤi,",3
ɛn?,19
kt.,3
baʊ,7
ən;,1
"; """,1
"""f",2
"""fə",2
ʂuk,2
piɕ,2
y ɕ,1
naj,2
ntʰ,13
mɪn,24
ɔkk,6
faː,5
rsl,2
slɑ,2
fɛj,2
rʏx,8
xtb,3
tba,2
ːrh,3
ʊʧt,2
ʧt,4
on-,2
n-s,1
-sa,2
sal,5
lem,1
em*,1
m*,3
946,5
46,5
6 t,3
3 k,1
ˈpa,7
82,1
828,1
28-,2
8-4,1
-44,1
447,1
47*,1
7*,1
ˌpɛ,4
əlˈ,2
lˈv,2
ɪnj,3
ŋ h,22
ʊ b,6
d g,7
ænt,11
hes,1
lov,4
ov*,1
"v*,",1
ikˌ,2
u c,3
o-w,2
-wr,2
wro,1
te*,1
* g,1
ək.,1
"k.,",1
ivə,2
sod,1
ode,1
erb,1
ber,2
erg,2
rgh,1
gh',1
h's,1
rˈd,3
əkʃ,4
n 8,1
8 ˌ,1
ɪnm,1
bɛz,2
ɛzʋ,2
zʋa,1
kud,2
ja,10
nax,9
axo,3
xoʒ,1
oʒu,1
ʒus,1
usʲ,2
ʲ u,2
u,10
vla,2
bud,6
udu,3
edm,1
dmʲ,1
jar,1
arɨ,2
rɨx,1
nap,8
apa,1
ado,2
dok,1
sop,1
opʲ,3
rg,1
g ˈ,2
tɪz,4
tlɪ,1
921,3
21,8
ˌɛk,8
ˌfo,1
ʊto,1
ʊɪˈ,1
5 (,1
(h,3
(hɪ,1
mɪr,3
rək,5
"ɪr""",1
"r"")",1
""")",3
) ə,5
"d """,2
ˌθ,3
ˌθi,3
iər,4
ɛtɪ,4
"ks""",1
ʋɛs,1
ːnɪ,9
nɪc,2
ɪcʏ,2
cʏm,2
rvr,2
rt.,4
ːd!,1
d!,1
æθə,8
fæʃ,1
nəb,2
td͡,1
ʒəɦ,3
oɡ,4
ɡ ʃ,1
ʒəɡ,3
əɡə,2
ɡəɦ,2
rə-,2
ə-d,2
-du,2
əɦe,6
ɦe,4
। i,3
e ɻ,4
anw,2
nwe,6
y m,1
amu,1
mup,1
upu,2
puɻ,2
uɻe,2
wan,4
xuʈ,1
ɻ̩ʂ,3
̩ʂo,1
ofe,2
feŋ,2
ŋ ʃ,1
o-a,2
-au,1
uth,2
tho,1
hor,1
* e,1
bʊk,6
num,2
lz.,3
"tu,",1
wɪs,3
ɪd.,5
did,4
lɔ,10
ɔ æ,2
765,1
ːrf,1
ːnɛ,7
"nɛ,",2
ɣɛd,2
rɪɔ,1
ɪɔm,1
ɔmf,1
mfɑ,1
p n,4
aːɑ,12
ːɑr,12
ɑrɔ,7
rɔm,7
ɔm.,2
x ə,1
ːnʊ,1
eː-,4
-ʃn,1
ʃnɪ,1
ːçɑ,1
çɑː,1
ɐ t,8
sva,8
ɔmp,12
dɔp,4
ɔpe,2
ːlh,4
lhe,2
925,3
ˌdɪ,5
gɪn,6
ɪ ɪ,6
lje,3
jeʃ,3
eʃi,3
ʃij,3
ʃiŋ,1
ʃəɦ,4
əɦə,1
n 9,2
9,2
9 s,1
e 2,1
3 d,4
͡ʒu,5
ʒul,2
ɦ m,4
muq,5
uqa,5
qaː,5
ːbl,5
bla,5
। ʈ,1
iŋf,1
ouɕ,5
enm,6
nme,3
npe,4
peŋ,2
til,4
ŋʂe,4
iŋɕ,10
ŋ ɣ,1
ːʏ!,1
! p,1
esi,2
ide,5
den,8
nt-,1
t-e,1
ct*,1
* ʤ,6
əvɪ,3
hɛb,2
ɛb.,1
b.,3
mpɛ,7
pɛt,2
ɪki,1
ʊs,13
dɑl,2
ɑlz,1
rau,3
uff,1
ff*,1
f*,1
ith,1
the,4
her,5
dw,2
dwæ,1
wæn,1
ac,1
ack,1
ckl,1
om*,2
hæl,1
lɪˌ,7
ˌfæ,1
fæk,4
"ks,",2
"ʃə,",1
ˈtɔ,3
ɔkɪ,2
rɛv,11
vəˈ,9
luʃ,9
diɪ,2
ga,3
gal,1
ien,2
enn,9
heɪ,7
ænˌ,9
ræl,1
ælf,2
ɛsn,1
sni,2
v q,1
que,4
esn,3
sna,2
nay,1
ay*,4
fɔt,1
ˈhe,6
106,1
066,1
66,2
6 ʈ,1
ʂeɕ,11
eɕi,12
ken,2
y t,9
nna,4
ʰye,5
yet,4
ɕix,4
ixu,5
ˈhɔ,3
7 j,1
n c,8
ʃ h,3
orɡ,2
rɡo,2
ovl,1
vlʲ,10
odu,3
duk,2
ukt,1
tam,4
pʲ,12
pʲi,8
jav,3
avl,5
ʲae,3
od,2
dno,2
noj,9
iz,8
mɨx,1
ʲib,4
ibɨ,2
bɨl,20
ɨlʲ,4
nɨx,8
asl,5
ʲej,8
oss,1
ssʲ,2
ʲii,3
k x,1
ːtɪ,6
yw,6
yw,9
w ɣ,3
ɛre,6
ːnb,2
nbɑ,1
nk,11
l œ,1
f l,2
ː c,5
ɪʃ.,2
ræv,4
ævə,3
itl,1
"ɛm,",3
hæŋ,1
ʃa,10
ʃaʊ,1
ˈzɛ,12
s g,1
gɔ,3
gɔl,3
ɔlf,3
əˌ,2
ˌso,1
ʃiˈ,1
(u,2
(us,2
usg,1
sga,1
ga*,3
a*),1
) f,2
928,2
8-1,1
-19,4
935,3
35*,1
5*,4
ɛsɪ,4
jum,3
tɑl,3
smɔ,4
mɔl,4
rəʧ,2
əʧə,2
pɛʃ,1
ɛʃə,7
nˈg,2
ˈge,5
ɪʤd,2
vɪg,1
æk,8
ækˈ,6
ɛsɐ,1
ʀsɔ,3
sɔʀ,8
ɔʀk,3
ːɡi,3
ɛln,8
ln,8
ɔft,1
ʃta,3
ʀk,2
aɪɡ,1
nxa,2
xan,1
ʰeŋ,20
ʂuo,1
uom,1
omi,3
tiw,2
enk,4
nku,4
tyn,1
ynd,1
al*,4
l*,3
p (,2
(ˈf,3
fɛb,5
ɛbr,5
bru,6
ruˌ,5
880,1
0 n,3
ˌʤ,9
ɪ 7,1
7,4
0 w,4
dˌm,8
ˌmə,4
v j,7
11,7
111,1
11s,1
1se,1
nat,13
ato,4
or*,1
"jf,",1
z',2
z'n,2
rɑf,4
l ɔ,8
tlo,1
"iz,",4
mɛʒ,2
ɛʒə,4
dia,2
ial,2
ɑkd,1
kdu,1
ːha,2
ːrm,3
rme,6
xtj,3
rho,2
"ɪf,",3
ʤul,3
ulj,3
ɑrn,4
ld;,1
; ə,5
tɑm,7
19t,1
9th,3
"""ˈd",1
ˈbʊ,4
ʊlˌ,3
lˌd,2
dɔg,1
ɔg.,1
"g.""",1
""" s",1
əta,10
aːj,14
ːja,11
s ɦ,1
ɦəd,1
ijə,6
aːʈ,4
ːʈ,3
ʈ (,1
(k,1
(kə,1
ʰ r,2
upj,1
pje,3
je),1
e),1
) m,1
mil,9
ile,5
ə z,10
zɔl,3
ɔlx,7
ʃtɛ,2
tʀ,6
tʀɪ,5
ʀɪŋ,3
ɪŋt,6
ŋt,4
ːŋt,1
ntæ,1
kɪm,1
002,4
2 ˈ,5
jkɛ,6
"pp,",2
ɛs?,2
s?,8
? ʈ,2
yeʂ,5
eʂe,4
puʂ,4
̩ i,4
inw,1
iat,7
ʰun,8
unn,2
tʰu,8
ʰue,3
krɛ,4
ɛjɣ,3
jɣɛ,3
? b,3
tɑt,3
ʊˈn,2
nɑs,1
ɑsɪ,1
ɪkj,4
sɪg,3
nɪf,3
ŋ ʤ,3
z l,10
ɑs,1
ɑsp,3
ct:,1
: ʋ,1
w c,2
ʃ ɛ,3
sxo,5
xoː,4
nmu,1
ːrv,5
ɛvɑ,2
vɑj,5
ɑjɪ,5
jɪx,4
vɑŋ,3
? o,1
smʲ,2
rtʲ,4
jeɡ,1
pas,1
oba,3
bak,2
aka,1
ʲin,17
nos,5
ivʂ,2
vʂa,1
ʂaa,1
jem,6
emu,4
mu,7
jed,3
edu,2
sh,1
shr,1
hri,1
ke*,4
ngp,2
gpo,2
rʤd,3
931,1
1 h,2
ɐ m,4
ːfə,5
dʊŋ,6
ː-f,4
-fʀ,3
fʀa,5
ʀak,6
akm,3
kmə,3
ənʊ,2
nʊt,2
ʊt͡,2
dek,6
ekʰ,7
kʰn,3
ʰne,3
͡ʃn,2
ʃne,2
e ɖ,5
ɖi,13
ɖiː,3
͡ʃe,1
ʃe,1
b s,2
11,5
1 b,1
ɔpt,5
pti,2
ɪsx,4
sx.,2
x.,3
rke,9
blu,3
"lu,",1
ʃiz,1
ɪ ɛ,3
mj,5
mju,8
jul,6
in.,3
may,2
ysv,2
vil,3
əki,2
"ki,",2
t 6,4
0 m,2
ʊ t,4
ndr,4
dru,14
ˈi,3
gɪl,3
lfɔ,2
fɔɪ,2
ɔɪl,5
hum,10
ʃ d,6
t (,7
(r,5
(ro,2
sem,2
ema,3
ary,3
ry',2
y's,6
eat,9
at-,7
t-g,7
-gr,8
ndp,2
dpa,2
"s*,",7
ʤɪt,4
rlə,9
nd),2
"d),",6
ˌɔl,10
ɔlˈ,10
lˈð,8
ˈðo,8
ʊ c,3
ey',4
", c",2
cr,4
cre,4
esc,2
sce,2
cen,2
* k,2
kɔʧ,5
"ɔʧ,",2
ʀxl,3
xla,3
lau,4
ufə,3
ʃpi,1
utɐ,1
tɐ,3
ɐ h,5
vak,2
ʀan,8
əʀ,11
əʀʀ,1
ʀʀa,1
dɔʀ,1
apl,2
ŋkf,1
kfɛ,1
ɑːɪ,1
ːɪʀ,1
'kɑ,1
ɑlm,1
"n,'",1
",'",1
' h,3
xd.,4
ˈwɑ,2
ˈiə,4
"ɥs,",3
ːno,5
sɑ,3
sɑw,1
wʏp,1
ʏpe,1
ɑpl,2
lɛa,1
awk,1
wks,1
s-v,1
-vi,3
ɣɛt,12
bœ,8
bœɥ,8
ɪlk,3
lkɪ,3
"ns,",4
ɥɪs,2
ɪsɑ,2
ɪˌb,8
ˌbə,4
ˌlɪ,2
lɪz,5
", æ",3
v 4,1
43,1
3 p,1
xʏt,5
ʏtd,5
ɑtr,2
fd.,5
wɛb,2
ɛbs,2
ʃ j,3
r 3,5
3,7
932,2
32,2
3 2,2
cor,2
orn,4
net,4
tot,5
olu,4
lut,4
tol,1
lʲk,1
ʲko,1
otl,1
tlʲ,3
amo,4
moɡ,3
erv,3
rvo,5
voɡ,2
a ʋ,3
tʏ´,1
ʏ´t,1
´ti,1
uːd,5
ːd.,2
jet,2
aoj,7
oju,6
pʰe,5
ʰei,6
yn,4
eij,7
ijo,8
ouʂ,3
eil,3
ʰou,6
ɥɪd,5
ɪde,8
zæm,3
diz,4
lif,3
nˈm,1
mɪl,12
jn?,3
dɛj,5
jns,1
nsd,1
ɑx,10
ːrœ,2
pɛŋ,1
ŋɛs,2
etɨ,1
tɨr,1
ɨrʲ,1
ɡod,4
ɡ s,3
bʲa,4
zas,1
tav,3
ʲ e,1
u u,3
los,6
vs,2
vsk,1
skr,9
rɨt,3
ɨtʲ,4
ank,6
u o,7
ob,2
b o,1
trɨ,2
rɨj,6
j b,6
bam,2
amp,1
mpʲ,1
oeɡ,2
o a,5
ɣɪs,9
ɔŋ,7
ŋɛl,1
ːnœ,3
nœɥ,3
? r,2
ŋɛt,1
ɛtʋ,2
ɛmm,3
mmɛ,7
ɪmm,4
! ɑ,1
fɣe,3
ɣɑv,2
10-,1
0-y,1
-ye,2
yea,2
ear,3
ar-,2
r-o,2
-ol,2
old,4
gi.,1
biˈ,10
ɪdz,6
ɪkɪ,7
miˌ,3
səʧ,4
ʧ ɛ,2
ʊ r,5
ɔɪæ,1
ɪæl,1
æl,2
967,5
67,6
drɑ,2
k ˌ,5
ʊvɑ,1
vɑ,1
ɑ 1,1
ɪpt,6
inˌ,1
nˌp,1
ˌpl,2
ʊtə,13
bli,12
nsɛ,7
s c,2
ara,5
rab,5
abo,4
boo,1
oo*,1
o*,3
* 1,3
ɛj:,4
j:,4
zɔr,5
ɔrx,4
jɛ?,1
? u,1
ʲir,6
irʲ,3
ekt,4
kto,2
ora,6
ʂk,5
ʂko,3
kol,10
olɨ,1
lɨ,1
ɨ b,1
ɨl,8
nux,1
ux,5
ivɨ,1
eda,5
daɡ,2
aɡo,5
ɡoɡ,4
pɑˈ,2
ɑˈt,2
ɔld,14
ldw,5
dwə,5
"ɪv,",3
"v,",4
ˈil,1
ilɛ,1
lɛv,4
"ɔn,",1
ɪlh,1
lhɑ,1
rɨl,1
ɨlo,4
pon,2
nal,5
tak,3
ak,5
olt,2
ʲal,5
suɕ,1
uɕː,4
ɕːe,9
ːes,2
tvu,1
vue,1
uet,2
ʲeɡ,8
eɡe,1
noe,3
oev,1
ev,1
ovt,1
vt͡,1
eɡ,6
ɡ v,2
vɨ,7
vɨn,1
ɨne,1
nes,6
rʂi,1
ʂin,5
inu,2
u e,3
toj,2
j ɡ,3
ɡor,3
orɨ,4
rɨ,3
ɛʃe,1
ɛnx,2
nxh,1
xhɛ,6
ɑw:,1
w:,1
: e,2
"lj,",2
ːfj,3
fjɛ,2
kʏs,4
isl,4
ɦəm,8
m l,8
ɡ i,2
ət͡,6
͡ʃɽ,1
ʃɽe,1
əɽn,1
ɽna,1
। θ,1
s (,9
ruz,8
ˌvɛ,9
ʃəz,2
d ʤ,9
ʊʃ),1
ʃ),1
nɪn,5
m æ,3
moe,3
oe',1
tæv,1
θ h,6
ɑrl,4
"rl,",1
kɪp,2
bal,2
lla,2
lar,1
at*,2
ər:,2
rɛˈ,1
ɛˈm,1
ˌɛʤ,5
p ɣ,7
ːpp,2
ppu,2
ɪŋ,3
ɪŋe,2
eiʈ,4
aŋʈ,3
oŋs,6
ŋsi,6
fu,3
fut,2
seɻ,2
eɻe,2
aif,5
oup,1
eii,4
ʰuf,1
kɔl,10
taʊ,8
͡ʒɦ,1
ʒɦə,1
ɦə-,1
ə-,1
- l,1
ntn,8
tnu,7
u ɡ,3
ɡoj,3
ojn,4
jnə,3
nək,7
əka,5
nke,7
ɖid,12
ʒiʈ,2
iʈə,2
ʈəl,2
inʈ,8
ːʃr,1
ʃrʈ,1
rʈə,1
। l,1
: j,2
ˈɛθ,3
ɛθə,2
θəl,2
ˌfɑ,9
ɔr.,6
m œ,2
lve,1
n ø,1
øː,1
ʏro,1
ɕʲi,15
ozm,4
zmo,4
ndʲ,3
ida,3
dat,5
epu,2
rav,6
avɨ,2
ʃ p,1
lʏn,1
ʏnx,1
"nx,",1
"x,",3
ɪxz,4
xzɛ,4
ɛj?,2
j?,2
lev,3
va*,3
* m,6
ə ɔ,3
i 6,2
903,2
3 n,3
jej,2
umʲ,5
ʲ i,4
isp,4
ɕʲ,4
ako,3
moj,2
lxd,4
hns,3
ɛlj,4
ljn,4
bɛv,1
vrɛ,3
ɛjd,8
jdɛ,2
ːls,1
vɔj,4
ɑd.,3
bəb,1
iˌh,1
ːnʋ,2
nʋe,3
ɪxh,5
tɛc,2
ːʋʏ,3
ʋʏs,3
ɛɣɪ,2
iˈf,6
5 h,2
iˈʃ,1
ˈʃe,1
ʃeɪ,1
mɑd,4
ɑdə,6
nfl,5
luə,4
uən,4
ˌʤɛ,4
rˈe,8
uˈz,4
. ɕ,6
oŋɕ,5
ʰii,1
iil,1
loŋ,1
ŋtu,3
ɕym,2
ymi,2
ʤɛr,4
ˈʧe,6
ʧeɪ,8
ɪni,7
s ʧ,1
ˈhɪ,5
hɪs,1
hɛ?,1
? p,3
əˌp,4
ˌpe,2
lu,16
luˈ,7
uˈt,5
rˈp,1
iˌd,2
ˌdo,1
pt,1
pt*,1
luθ,2
uθə,2
929,1
29,4
l 4,2
bæp,1
bju,8
ˈfo,5
ʊkɪ,2
kɪs,1
ɪsˌ,3
sˌʧ,2
ˌʧɑ,2
ʧɑr,21
5 ʤ,1
ʤɪ,4
ʤɪs,7
u m,8
ənθ,5
nθs,3
θs,5
ˌʤæ,1
ʤæp,1
ɛve,6
ːnp,1
zɑt,2
mɔt,1
ɔtd,1
ɣuj,2
uje,2
"rj,",4
ɥt.,8
kə-,1
mub,4
ːrk,8
ʈe,1
ʈel,1
eli,1
ʰon,4
ɡ̤,4
ɡ̤ə,4
̤ən,2
ənʈ,2
nʈi,3
͡ʒt,1
ʒti,1
। v,3
ɪte,5
rou,3
oua,3
uac,3
ac',2
niə,2
fɛʃ,2
læŋ,2
æŋg,4
ŋgw,3
gwɪ,3
wɪʤ,2
ɑbɪ,1
tig,1
gan,2
hən,3
ɑms,2
kes,1
ese,2
sey,1
ey*,1
"y*,",3
b ˈ,1
dɪl,1
sxa,4
xaː,6
w v,4
ɛsd,1
sdo,1
rn.,2
d θ,3
(f,3
(fr,3
961,5
61,5
7 b,2
ɪbr,4
956,5
56,6
ɛbi,3
"un,",2
ʊˌl,2
ˌlo,6
ʊ (,3
(hu,2
7 h,2
arw,1
rwi,1
n-w,1
-we,2
wed,1
edg,1
dgw,1
gwo,1
woo,1
ood,2
od*,2
ˈʧɑ,17
"ʊk,",2
col,3
oll,4
lea,1
eag,1
age,2
ges,2
es*,3
* f,7
ædˌ,3
ɪfˈ,2
spi,7
pik,4
θ ɪ,3
enx,6
seŋ,4
o x,8
ŋxe,1
ieɻ,1
eɻi,1
ɻi,1
ife,1
ə ɛ,7
958,4
58,5
8 ʃ,1
rc,1
rca,1
ca*,1
r ʃ,8
0 f,3
ts',2
s',3
' p,1
eɪɔ,1
ɪɔf,1
f g,1
ŋko,2
ænz,3
nzə,1
zəs,1
i ʧ,2
ifs,3
ˌfɪ,5
158,1
58.,1
8.3,1
.3*,1
3*,1
sˈm,2
muð,1
uðl,1
ðli,1
ˈɪm,7
mpr,1
ˌva,1
lay,2
ay-,1
y-b,1
-by,1
by-,1
y-p,1
-pl,1
(ɪ,1
(ɪn,1
hɪt,3
imz,4
d ɔ,10
pɪʧ,1
ɪʧɪ,1
ʧɪz,4
ɪz),1
z),4
a ɻ,2
̩tu,2
sʰu,6
niŋ,3
. ɖ,1
ːin,11
enɖ,2
nɖe,3
ɖel,1
el,8
rəॅ,1
əॅɖ,1
ॅɖr,1
ɖri,1
iks,4
əɦn,5
ɦna,3
i ɦ,2
m i,10
itn,4
məʃ,2
əʃk,1
ʃkk,1
kkə,1
pæː,1
rt͡,5
kit,1
ɔpi,4
ːiʈ,4
iʈ,7
ʈ k,5
ldu,2
"dɛ,",6
ʃ m,2
usn,1
sne,5
n 5,2
58,1
əno,3
t ɦ,4
ɦa,4
sil,6
e r,10
uːp,4
ʒ m,4
l ɡ,1
spə,10
6 ð,1
(ə,2
(ən,2
ək,3
tɛz,1
ɛzl,1
zlə,1
lə),1
ə),2
) ˈ,3
ˈz,2
ˈzʊ,3
zʊr,3
sw,4
swɪ,4
ɪʧt,1
plo,4
ʊmɑ,2
y l,1
fat,5
y f,2
iŋk,6
ŋkʰ,3
ipa,5
o ɪ,2
"t ,",1
",",2
", p",5
ɔje,4
sɛf,2
ɔŋʏ,1
ŋʏn,1
x y,2
klɔ,6
ɔnk,7
nk.,1
dˌf,5
ˌfʊ,1
fʊl,4
fəl,6
kʊ,4
kʊd,3
wɛˈ,1
liz,2
izd,2
zd.,2
gæn,7
"ːs,",3
jd.,1
kɛ.,1
e-m,1
ake,3
962,3
62,4
fʊ,4
ʊlˈ,2
lˈf,1
"ɪp,",2
wɪz,1
zdə,1
ilɪ,4
ɪ j,2
ʊˈm,1
ˌma,1
l ɑ,4
ɣɔ,2
ɣɔr,2
jnɛ,3
spu,2
rsb,1
sbe,1
sev,1
eve,4
nth,1
th-,1
h-g,1
rad,2
ɛθs,1
e-k,1
-kn,2
kni,3
it*,1
li;,1
i;,1
9 m,1
mum,3
umb,2
bəi,2
kʰo,5
ʰəl,1
əlk,1
ːe,10
abi,1
bia,1
iah,1
ah*,1
næ,2
ænˈ,5
əkɪ,1
kɪt,1
166,3
667,1
7 t,3
ulˌ,1
lˌt,1
mɔˈ,1
ɔˈr,3
ril,2
əɽ̥,6
ɽ̥a,2
̥aː,2
o ʃ,1
əpʰ,5
i ɖ,2
ɦot,3
o ।,2
d..,1
ɑl.,1
ːrɑ,6
ɪɣ!,3
ɣ!,3
! j,1
"ɑx,",1
"ʏr,",2
ɑt,3
rɛm,2
ɛj,11
jɪɣ,10
r ʏ,1
ʏ.,1
ʏ.,1
ʊˌf,2
ŋ e,3
ʧ j,2
nət,21
ɪsk,7
skt,2
fs.,2
ikw,4
kwɛ,5
mɛs,3
ssi,2
ʏrs,1
ɣɛɑ,2
ɛɑr,2
812,1
ɪˌɛ,2
ˌɛm,2
ɛmˈ,3
mˈd,1
rɑˌ,3
ɑˌʧ,2
ˌʧɛ,2
182,7
821,1
smɪ,6
ænf,1
sɪl,3
ɪθ.,2
ɦ d,3
kʰk,1
ʰkə,1
iːɽ,2
ːɽ,2
ɽ m,1
ʰəɽ,3
əɽi,3
ɽiː,3
mud,3
ud͡,3
ʒ̤e,2
̤e,1
e	1,1
1,6
1	n,3
a	5,1
57,1
570,1
70,12
0	1,14
10,1
10,1
1	b,1
b̤,1
iː,2
ː	0,2
0	3,2
30,3
307,1
079,1
79,1
9	3,2
308,1
081,1
81,1
27,5
270,4
11,4
11,1
1	3,3
3,5
3	a,2
aː,3
rə,1
ə	1,1
1	2,1
23,4
23,4
3	2,5
2,8
2	2,2
2	4,1
47,2
470,2
12,1
12,1
2	1,1
1	k,1
ke,1
ke,1
e	0,1
0.,3
0.5,3
.5,4
5	1,2
18,2
882,1
820,2
20,2
0	2,4
25,1
253,1
534,1
348,1
48,1
8	3,1
3	3,2
13,1
13,1
2	s,1
sa,1
ʰə,1
118,1
88,1
8	1,1
119,1
90,1
0	7,1
75,1
757,1
57,1
7	2,2
21,2
21,2
37,3
370,3
14,2
14,2
4	2,2
2	p,1
pʰ,1
ʈo,1
o	0,2
3	7,1
7,2
7	7,1
7	4,1
15,1
15,1
5	4,1
4,2
4	k,1
kʰ,1
ː	1,1
1.,1
1.5,1
5	n,2
a	8,1
87,1
870,2
16,1
16,1
6	2,1
2	ɦ,1
ɦæ,1
"ː,",1
",	0",1
a	3,2
17,2
17,1
2	t,1
tu,1
tum,1
mə,1
5	9,1
98,1
98,1
8	2,2
268,1
68,1
8	n,1
18,1
2	a,1
aːo,3
ːo,1
0	4,2
4	1,1
110,1
109,1
09,1
9	n,1
19,1
19,1
9	1,1
1	j,1
ja,1
aː,1
34,2
347,2
47,2
7	3,1
7	n,1
20,1
nə,1
nə,1
42,1
424,1
24,1
28,1
282,1
829,1
29,1
30,1
170,2
ːo,1
rɪx,9
dɔn,2
w ɔ,2
rvɛ,1
rkʋ,2
gɛr,2
ɪsi,5
ɔsɪ,1
wɛð,2
ɛðə,6
wɔn,3
ɪf,3
f ð,3
ðæ,1
ðæt,1
æts,1
ʃˈw,3
rzə,2
eɪg,4
ɛsf,2
sfə,3
3 u,1
paʂ,1
obɡ,1
bɡo,1
͡sɨ,3
ɨ i,6
ɕː,1
ːek,1
ekʲ,2
xo,8
nam,3
maz,2
aza,6
nnɨ,6
krʲ,4
mom,4
m o,7
oʒ,1
oʒo,1
ʒoɡ,1
ːʃa,5
ebn,2
bna,3
nɖr,1
ɖra,1
iˈt,2
dem,1
moc,1
ocr,1
cra,1
ati,5
tic,2
ic-,1
c-r,1
-re,1
rep,1
pub,1
ubl,2
rɛp,12
ɪvz,8
22n,1
2nd,2
nd*,3
ʧ 4,1
183,5
831,1
ɛθ.,1
mn,4
mne,3
zn,5
zna,6
nak,1
pom,3
ilo,3
loʒ,1
oʒi,1
l u,1
ux,2
uxo,4
xo,1
k,4
zoo,2
oop,1
ark,2
kus,4
uso,1
ruɡ,7
uɡo,4
dʲa,5
ʲaɕ,2
ɕːi,4
ːij,2
ijs,2
jsʲ,1
ʂeɡ,3
ajo,1
jon,8
ˈæŋ,2
ŋkʃ,2
læn,15
ˌmɑ,4
rk;,1
k;,2
; b,1
iˌθ,1
ˌθɪ,1
nʤ.,1
əɦr,3
ɦro,2
ʒəʃ,3
əʃn,3
ʃnə,3
ːɦɔ,1
ɦɔː,1
ɔːl,2
8 ˈ,5
ˈda,5
aim,1
xt͡,1
ɪtf,1
tfə,3
ʀfɑ,1
lɔk,3
ɔkʀ,3
kʀɑ,2
ːfi,2
ʀfə,2
ɛtʀ,2
jɛk,1
ʀu,2
uːə,2
ʀam,1
am,10
ʊfɡ,3
fɡə,1
kəz,13
ʧ ɪ,7
rɛʧ,1
ɛʧt,1
"ʧt,",1
œɥx,4
ɥxt,3
rd?,1
ɔ ɪ,1
ʊlɪ,1
pet,1
tsc,1
sch,4
che,4
hek,1
ek*,2
fru,2
run,1
jel,3
idʲ,8
lod,4
daa,1
mur,1
urk,2
rka,1
ur,1
ax,7
53',1
3's,1
sæd,1
ædi,1
ɑpə,6
pəz,2
əzɪ,2
ɪˌw,1
"rθ,",1
"θ,",10
54',1
4's,1
* ð,4
mˈg,2
ˈgi,2
giˈ,2
dip,2
ip,1
ʀ n,3
eːə,4
kse,1
ːʏx,2
ːf-,1
f-l,1
-lɪ,1
ɪzb,1
zbə,3
705,1
5 ʋ,1
"ːk,",4
lke,1
oz,2
unɨ,1
tur,2
urʲ,2
rut,3
ːam,1
edr,1
kuv,2
uvʂ,2
। ˌ,2
ˌɛv,3
6 ˌ,1
v ʤ,11
ɪke,2
rˈw,1
ɛlm,3
lmɪ,1
bit,5
lɑr,5
lɑ-,1
ɑ-b,1
-bɑ,1
bɑs,1
rkt,14
dœ,4
ʧ 1,5
14,4
ger,2
erm,2
rma,5
an-,3
n-b,1
-bo,1
bor,5
rn*,1
ʤuɪ,3
uɪʃ,2
ʃ ˌ,2
ˈgɑ,8
gɑr,7
v ɔ,2
ɔŋˈ,3
ŋˈs,2
ˌnɛ,8
nut,4
gaʊ,1
ʊs.,1
pɛl,5
rlɑ,2
tɔm,1
jn!,1
! s,2
tae,1
llʲ,2
sio,1
iro,3
rar,2
tnɨ,8
aʂi,6
dl,3
dlʲ,4
zv,2
zvʲ,1
ʲez,6
pʀɪ,3
əne,2
əʀæ,1
əʀʊ,2
ʀʊŋ,2
ənn,4
nn,3
ntv,1
tvɔ,1
vɔʀ,1
ʀtl,1
fʏ,2
fʏʀ,2
ʏʀt,2
ʀhi,1
ʀ ɛ,1
spʀ,5
pʀɛ,1
ʀɛs,2
nɔʀ,4
ʀmɑ,2
ːlɐ,1
lɐ,2
ːmæ,3
ːʀs,3
ʀ ð,1
ræʃ,1
æʃ,6
ʃ ɔ,2
ksc,1
scy,1
cyː,2
ɛl.,6
nxt,1
"xt,",1
zʏx,3
ʊ p,5
paí,1
aís,1
ís*,1
arn,1
nav,2
ava,5
l*.,2
ːax,1
axt,4
ʊʀ,1
ʊʀs,1
ʀsp,3
pʀʏ,1
ʀʏŋ,1
ʏŋk,1
ɣo,1
ɣoː,2
oːj,11
ːjɪ,3
ly,3
ːfɛ,4
plu,3
ːmb,3
mbɛ,3
ɛm.,4
"ɪɑ,",1
? z,1
lfi,1
fiə,1
726,1
rʧə,12
u g,2
klə,7
ˈʃɑ,2
ɑpˌ,1
pˌk,1
ˌki,2
kip,3
ʊkˌ,1
kˌk,1
enh,1
nha,2
ham,1
am',1
m's,1
"əŋ,",2
ə ʤ,7
ʤɑb,5
b ɛ,2
sˌb,2
udi,2
ʊ 5,2
54,2
4 ð,2
grɛ,5
sɪʒ,1
"xd,",1
ːnn,3
mɛl,5
rha,3
iː!,1
slø,6
ʏtɛ,6
ɛl?,1
tɛv,2
kəi,4
iʃ,3
iʃt,1
ʃte,1
teɦ,1
eɦa,1
mɔɖ,3
ɔɖl,2
ɖli,2
ʰud,2
r ɡ,2
i u,7
vid,4
ʃun,1
una,1
ɪbj,4
ˌæd,1
dəp,1
əpˈ,2
pˈt,6
lɔz,1
ɔzə,1
zəb,3
ʊnˌ,1
nˌb,3
ˌbr,3
ŋ ˌ,1
r ʧ,4
ʧək,1
923,3
nɔg,1
bô,1
bôc,1
ôch,1
θəˈ,2
apɑ,1
mʊ,2
mʊs,2
ʊsk,2
skɛ,2
ː f,10
fɪn,6
aux,4
x i,3
nsm,1
sme,4
ːxɑ,2
smu,1
lɪç,2
ɪçt,3
çt,3
rnt,1
æs,2
rle,1
ɛne,2
tʋɪ,1
ʋɪŋ,1
70s,1
rˈɪ,3
ˈɪs,3
mˌt,2
ˌta,4
rei,1
eis,1
iss,5
ssu,1
sue,3
8 h,2
nar,3
rra,1
g*,6
ərʒ,2
rʒə,2
tæŋ,2
ː u,2
ub,4
ub̤,2
b̤r,2
əte,3
n ɖ,3
ski,1
। ɣ,2
xs.,3
. ɻ,1
ɻa,1
ɻan,3
nfa,3
pia,6
sʰi,4
oui,1
uiŋ,1
̩ w,4
o ɻ,5
neo,1
eop,1
opɨ,1
pɨt,1
ɨtn,2
nɨm,6
ɨm,4
ʲip,2
lʲʂ,2
ʲʂi,2
ʂim,1
ʲta,1
em,6
rɣ.,1
xtt,3
p œ,2
ːhʏ,1
hʏr,1
nxz,2
xza,2
nmɑ,2
ːrʋ,1
"tɛ,",2
pbe,1
ntɨ,4
a a,2
atr,2
ibu,1
but,1
utʲ,3
ʲik,8
u s,13
lʲp,1
ʲpt,1
ptu,2
rkʲ,2
ikʲ,5
ʂka,2
kat,4
tul,2
ulk,3
lkʲ,2
kəp,7
pta,5
ːz,2
tɑw,4
ʏsɪ,1
sɪɑ,1
ɪɑs,1
ɑsm,1
: t,1
ɑnʋ,1
lɔɣ,1
ɔɣ?,1
ɣ?,1
rɪo,1
ɪoː,4
ndɑ,2
siɻ,1
iɻa,2
ixa,1
eŋf,2
ŋfu,2
fu,4
ŋpa,1
̩ a,1
ynʈ,2
eŋx,2
ɥxd,1
rkɔ,1
kɔx,2
830,1
* ʃ,1
ʃaɪ,4
l 2,1
6 ɪ,2
ːn!,1
ɪ k,7
"oʊ,",5
"ʊ,",5
həp,1
rɑd,2
ˈɛf,1
ɛfə,3
ɛpə,4
nr,1
nra,1
sɨ,5
sɨn,3
ɨn,3
ɡi,5
ned,3
vno,3
zax,2
ʂ o,1
otd,2
tdʲ,2
rəɡ,1
əɡ̤,1
ɡ̤u,1
̤ur,1
ura,2
ʒ s,1
ɔːɦ,1
ːɦa,1
nsp,11
pek,1
ekʈ,2
kʈə,2
sek,1
ə-1,1
-14,2
4 m,2
əɦt,2
lhɛ,2
rɛɣ,1
j a,3
ːpo,3
k c,2
ɑtm,2
tmɪ,2
r.z,1
.ze,2
ɔss,2
ssɪ,4
xdœ,1
ɥɪz,1
ɪzɛ,1
sma,4
xɣe,3
ɦ b,3
̤əɽ,1
sui,1
iːj,4
ːjo,1
iln,1
nəe,6
əe,9
ɪsp,3
ɥk,1
ɛjʃ,2
jʃɛ,1
"ʃɛ,",1
dəg,1
əgl,1
nup,1
upɔ,1
"rt,",4
ony,1
nyh,1
yhu,1
hur,1
urs,1
ʤ ɪ,2
(w,3
(wɛ,1
ɔɪz,3
ɪz',1
' g,1
eɪ),1
ɪ),1
908,1
08,3
913,1
3 b,1
d j,6
ʀfɛ,2
fɛʀ,2
ʀʏ,6
ʀʏk,6
ʏks,6
ɪt?,1
? ɔ,2
ʒ k,2
mɔː,4
ːka,3
muɦ,1
uɦæ,1
æːj,1
ˌth,2
tha,2
46,1
46t,1
6th,1
niw,4
iws,4
wsɣ,3
sɣi,3
ɣiː,4
ːɛr,7
"uː,",2
pɛ,7
otʰ,2
iau,1
au,2
fak,2
aku,3
ɕyɕ,2
yɕi,2
asa,1
ʂai,1
inp,1
ɑmɪ,5
900,1
00,5
0 ð,1
ːjt,6
ːʋa,1
law,2
awf,2
wfo,2
for,5
ord,5
rd',2
d's,2
jæ,1
jæŋ,1
k æ,1
ˈit,2
zd,3
zdʲ,3
esʲ,4
ʲ p,5
ebu,1
bue,1
ʲ k,4
ʲ z,2
ʂix,3
v e,2
edʲ,9
sii,2
ndm,3
dmə,4
1 1,9
174,2
743,1
19,2
9 1,4
822,1
2 w,4
tsm,5
mzɪ,1
zɪz,4
rˈs,6
rys,1
ij,1
opʰ,2
919,2
9 b,1
luɪ,3
uɪs,3
ʊri,3
"æf,",1
fɪg,4
ɪgj,4
nˌv,1
"t """,3
"""m",1
"""ma",1
ɪ g,3
ɔrʧ,7
θ k,2
æsˌ,1
nz),2
) i,1
i.,5
wʊl,4
i ʤ,5
ɑrɪ,3
ɔt!,2
! œ,1
eŋl,3
mp,1
ːɣ.,5
ɔp.,4
ɛnm,2
cɔ,5
cɔn,2
ffɛ,3
952,1
52,1
(rɪ,2
ət),1
"t),",2
əˌh,1
rɪb,2
bɪˌ,1
ˌkɔ,2
kɔz,6
ɔzd,1
ɪɪn,1
kˈm,2
æn.,1
ɛjs,10
js,6
ːɛp,7
ɛpɛ,6
skw,1
ɪnʧ,1
rˈɔ,1
rə.,2
ˈjʊ,3
p æ,1
tɪˈ,2
tuʃ,1
lei,4
eid,2
niɪ,1
nvɔ,1
nɛð,2
ʃəˌ,4
hʏl,2
ʏlp,2
p k,8
j.,6
ɛpe,1
ʰeɕ,5
eɕy,5
u ˌ,2
əbd,1
bd,1
ˌre,1
gəˈ,1
nfr,1
uvm,3
vmə,5
lui,2
uit,1
itp,1
tpo,1
ʤɪm,1
mˈn,1
ɪzi,1
ziə,1
iəm,1
lət,8
umy,1
"(""",3
"(""w",1
"""wɪ",1
""" ɔ",1
t.,1
t.v,1
.v*,1
v*.,1
ɪs),1
) k,2
"ʊl,",1
ˌʃa,2
stø,1
tøː,4
ːʏn,3
ʏnɛ,2
plø,1
ʏnɪ,1
ʏdi,1
mɔm,2
ːfs,1
s..,1
..m,1
.mɛ,1
tʀe,1
nai,1
ndɐ,5
ʀʃo,1
ʃoː,1
ːʀɛ,3
ʀɛk,5
hø,1
høː,2
øːə,1
aps,5
psɔ,5
ɔʀp,4
ʀpt,3
pt͡,4
nsv,1
aʀʃ,1
ʀʃa,4
ɪnl,1
ɪxk,2
xka,2
"ɔr,",5
pau,1
aul,1
ul�,1
l�s,1
�s*,3
pɔʀ,4
t ɡ,2
vɛʀ,1
ɛʀl,1
ʀla,3
bæd,1
ˈpʊ,3
pʊd,1
ʊdɪ,3
ˈkɪ,3
kɪʧ,1
ʧik,1
"ik,",1
na',1
a's,1
pɪʃ,1
ɪɑ!,1
ɑ!,4
ɛnʋ,1
nʋo,1
ːr!,2
dɪo,1
ːt!,1
! ð,3
kəŋ,1
dət,1
lpf,1
pfə,1
"ɪθ,",3
ɛts,3
ˈɔn,1
ɔnˌ,1
vin,1
ind,3
əre,2
l-t,1
-te,1
tee,1
een,2
nag,1
ged,1
ˌə,6
ˌən,5
rˈg,1
ˈgo,3
ˌɑ,4
ˌɑp,4
ksɛ,1
"sɛ,",2
ːsɪ,7
sɪa,1
. ʒ,1
ʒu,2
ʒur,2
urn,1
daʂ,1
ʂ p,1
odv,2
nul,2
stɨ,1
tɨj,1
apʲ,4
isa,3
sif,1
ifr,1
ime,3
ˈæʃ,1
æʃɪ,1
ʃɪz,1
ˈid,1
mæk,5
ækn,5
mæg,3
ægə,4
əˌz,2
ˌzi,2
zin,2
ʊ f,4
leg,1
ege,1
ge-,1
-ed,1
duc,1
uca,1
cat,2
ted,1
ə ð,1
nˈp,1
ɑfɪ,1
fɪt,5
fɑr,6
tɪr,2
sæm,4
æmj,3
n ʧ,1
ʧɑ,2
ʊˌɔ,1
wɛp,1
aɪ.,3
"ʊm,",1
kw,8
kwə,5
wəˈ,4
nʧ.,1
ʊsb,2
sbɪ,2
ldʊ,2
nfɛ,3
iːø,2
ːøː,2
xɑ,1
ːʀa,2
ktɐ,1
ɐ z,4
əŋ,1
əʀk,1
ʀkn,1
knʏ,1
nʏp,1
ʏp͡,1
͡ft,1
ɪs?,1
rdɑ,5
ʏto,1
ækə,2
ɛpˈ,4
naʒ,1
aʒi,3
ʒiv,7
ivk,1
oru,3
ruu,2
rɨb,2
ɨbu,1
bu,1
u b,4
inr,2
nro,2
͡ʒj,3
ʒja,3
nop,1
opl,1
ː ɖ,1
oti,3
? n,4
l θ,1
æl,2
θ p,2
pɔl,2
ɪtm,3
ɔpv,1
pvɑ,1
mɑt,1
ːm.,2
ɔnz,4
nze,3
m ɣ,7
ɥtz,3
tzɪ,2
ɣɑ,3
ɣɑf,2
pss,1
pɪn,2
aː:,2
ː:,2
: d,2
ise,6
ax,1
axb,1
xba,1
muk,1
kʰr,1
ʰrd,1
rd͡,1
o e,1
ils,1
lsi,2
ɦne,2
ːʃ,1
ʒ̤a,2
͡ʒn,4
ʒni,2
mij,2
k u,2
rsi,2
ity,1
ty`,1
y`s,1
`s*,1
v ɑ,1
rˌʃ,2
ɔ s,1
ul.,5
m y,2
ʀɡa,1
ɡaŋ,1
ŋsb,3
sbə,1
ːp͡,2
͡f,2
ːɡu,1
ɡuː,1
ɪtv,1
tvɪ,1
9 l,1
tna,2
əru,6
ɦ t,2
dɔː,1
ɦeŋ,2
eŋɡ,2
ŋɡe,2
e ۰,1
۰ a,1
ar,1
or,3
ʒin,1
l ۰,1
۰ ɖ,1
ɖ̤,2
ɖ̤u,1
ːnɽ,1
nɽ̥,1
ɽ̥ə,3
̥ət,2
ːoɡ,1
oɡe,1
enl,4
ifu,2
ːky,2
kyː,3
pʀa,2
ː-s,2
-sʏ,1
sɪʀ,3
pʀɑ,1
͡sɪ,4
ʀku,1
kuː,5
ɪsɐ,1
-mɪ,1
ɪkʀ,3
kʀo,3
ːfɪ,3
fɪp,1
ɪpʀ,1
ʀɪl,1
ʀɪk,1
ʊsm,1
liɑ,1
iɑn,1
mɛk,2
ˌko,3
ksˈ,1
sˈʧ,1
ʊˌg,2
æm.,1
ːtʏ,2
tʏa,2
ʏaː,2
ɽ k,1
səʈ,1
əʈk,2
ʈkə,1
a ɕ,5
taɕ,4
ŋjo,3
ltj,3
"jn,",9
! k,2
æːr,1
bek,1
kʰɔ,1
ʰɔː,1
ɔːf,1
əml,1
bɔː,1
ɔːn,3
ŋja,6
̩ti,1
sʰe,3
ouj,2
ʰiɕ,2
ʂek,3
eke,5
a w,1
874,1
4 æ,1
v 2,2
2n,1
bəˈ,3
", 2",4
24,2
24t,1
4th,2
(ˈl,1
ere,1
s*),1
"*),",1
as,2
ash,1
ti*,1
* ˌ,7
ŋ d,7
tʊ,6
tʊk,5
ɔs:,1
s:,2
lsx,2
sf,2
sfe,2
tʋɔ,1
ʋɔŋ,1
rbɔ,1
ːjɑ,2
ʏs?,1
3 m,1
ff-,1
f-b,2
-br,2
roa,1
oad,1
adw,1
dwa,2
way,1
ˈzɑ,3
zɑn,1
nsʀ,1
sʀe,1
əʀb,1
ʀbɪ,3
ndʊ,3
aiə,4
ʊfl,1
flø,1
ːsʊ,2
sʊŋ,2
ɐ ɑ,4
nsɡ,1
sɡɑ,1
ˌrl,1
bæm,2
"(""θ",1
"""θr",2
ˈwæ,3
wæg,3
eas,1
asi,1
in',1
"əl""",2
"l"")",1
""").",1
θɔ,3
θɔt,2
kwa,2
ɪət,5
rs.,1
jp,4
ːɣɔ,3
ɣɔn,3
p ˌ,1
v p,6
unɪ,5
ʒua,1
ual,1
eʂa,3
o ˈ,2
i 5,1
959,2
59,4
9 ɪ,1
əmn,1
mnə,1
ɛθɪ,1
θɪk,1
nad,4
adl,1
ʲeʒ,4
eʒi,1
ʒit,3
slu,3
edn,5
nix,2
raʂ,3
aʂn,2
ʂnɨ,1
obɨ,3
bɨt,3
roʂ,1
oʂl,1
ʂlo,1
a ɪ,2
ɛrɛ,2
rɣa,1
ɔfa,1
ctø,3
cɔj,1
"ɣɑ,",1
fdɪ,1
sʏm,3
ʏmm,3
rhɑ,3
hɑj,3
ɦ r,1
ikɔ,1
ɔrɖ,1
rɖə,1
rəv,5
v ɡ,4
aːŋ,9
ːŋɡ,5
ŋɡu,3
ː (,1
(e,3
(eɖ,1
eɖi,2
leɖ,1
eɖə,1
"ɖə,",1
000,5
00),1
0),1
) ɔ,1
ten,4
ndu,3
dul,3
lkə,3
(ra,1
ːvl,1
vlə,1
əpi,1
04),1
4),1
। ʤ,1
ard,2
ieu,1
eu*,1
u*,1
ʤə,4
oux,2
ux*,1
"x*,",1
ret,1
ete,3
il*,1
"l*,",3
27,3
995,1
əd,4
ədˈ,4
væn,1
m θ,2
dæg,1
bul,3
ulw,1
lwa,1
war,1
ks*,1
a ɡ,1
ɡaz,1
azo,2
zov,1
voj,4
plʲ,3
toa,3
oal,1
otk,3
tkr,1
ɨta,1
taa,1
kas,1
rʲu,1
ʲul,1
kʲ,1
ipʲ,1
pʲa,1
ːej,1
vod,5
odo,1
doj,3
rɔp,7
ːɛn,3
ɛnɛ,3
nɛm,1
rbɪ,2
: n,2
ːje,2
ɥs.,1
zʋ,2
zʋe,2
t ',3
's,3
's,4
jɑf,1
f ɛ,3
rtʋ,2
f e,3
ɑrœ,1
ɔpm,1
pma,1
ɑs?,3
nsʋ,1
sʋa,1
eer,1
er-,2
r-e,1
-en,1
din,5
f æ,2
ʊʧ,1
lpɪ,1
ˈʧi,3
ʧiv,2
ɪt͡,2
n-,1
- ʊ,4
atp,2
tp-,1
p-b,1
-bɪ,1
ə ʋ,1
xao,3
k g,1
ər;,1
r;,3
; ð,2
5 ɛ,1
ɛnˈ,4
hɪp,1
ɪpo,1
(ð,1
(ðə,1
nɛv,4
"ʃt,",1
rpt,1
jəˌ,1
ˌsk,3
əs),1
s).,1
iac,1
ac*,2
c*,4
il,4
le-,2
-et,1
et-,1
t-v,1
ɪʃɪ,3
ʃɪg,3
ŋ ɻ,1
enw,4
pen,3
ŋte,1
teŋ,1
unʈ,1
oŋa,1
ŋan,1
fan,6
lit,3
u ɔ,1
x ɑ,3
ɑn!,1
j œ,3
w ɑ,1
ʃ z,1
ʲef,1
efo,1
fon,2
j o,3
tvl,1
dor,3
oɡi,5
lfd,4
ɔp-,1
p-,1
- ɛ,1
nmɛ,2
pɔt,2
əvd,1
kwi,2
inz,1
ːji,2
kʊk,1
"lt,",1
brɛ,1
ɛkf,1
kfə,1
uoj,2
ojo,2
ui,1
ui,1
e f,3
ism,1
ʈ b,2
kur,2
əlv,1
lva,1
781,1
18t,1
8th,2
ɔ k,1
nɔɪ,1
"ɪə,",2
f-m,2
-mu,1
həˌ,1
ˌlu,1
lus,2
ɔ ˈ,1
dˈm,2
emn,1
mno,3
not,1
zad,1
adʲ,3
suk,1
uk,2
ɕʲu,1
ʲut,2
orv,2
rva,2
jk?,2
fkɔ,2
ɔms,3
ːɔx,2
ɔxɛ,2
"jd,",2
ʊnɪ,1
940,2
(wɪ,1
mpf,1
pfɪ,1
lef,1
eft,1
ft-,1
-wi,1
la*,1
ˌrɪ,1
kɪd,2
ɪdˌ,1
dˌn,1
ˌnæ,2
næp,1
ɪˈm,6
fud,1
pur,2
"ur,",1
əˈʤ,4
bɑʧ,1
ɑʧu,1
uˌl,1
ss,1
tsɛ,2
æθ,1
æθˈ,1
θˈl,1
əbk,1
bki,1
ruɳ,4
uɳ,4
ɳ k,1
ʰə-,1
ə-s,1
vəʈ,1
əʈ,4
। o,1
um,6
ʲub,3
ubo,1
boɡ,1
sor,2
izv,1
zvl,1
inf,1
nfo,1
orm,2
siu,3
iu,6
ˈlɑ,4
sɔ,1
ɔ ə,2
tun,2
ɑd,1
ɑdz,1
dæʃ,1
nuə,1
uəˌ,1
sɑk,2
ɑkə,7
pɪv,1
oŋf,2
ŋfe,2
ŋʂo,2
̩jo,1
v v,4
olɡ,1
lɡo,1
noɡ,3
ɡie,1
erʒ,3
rʒi,3
uts,3
ʲkʲ,1
zr,1
zrʲ,1
kek,3
slə,1
ləɦ,1
tem,1
b e,1
ʰuʈ,1
ʈ l,1
mbe,1
be,1
ːku,2
ːʈa,2
lɪl,2
usi,2
ˌmo,4
bae,3
ael,3
hig,1
igh,1
ghb,1
hbu,1
bur,2
ury,1
ry*,1
ˌɔˈ,1
"d*,",2
ɛlʤ,2
ʤəm,1
vɪʃ,1
kæd,4
əmi,6
"mi,",2
tæb,1
æbl,1
fɪr,2
rsm,1
pʏ,3
pʏn,3
zɛs,5
əˌf,3
md.,1
177,3
775,2
75,3
səð,1
ɪsʧ,3
sʧɪ,3
(sc,1
scl,1
clc,1
lc*,1
957,3
57,4
up,3
ˈʧə,1
rʧɪ,1
rm.,2
ʏkt,2
"s """,1
"""ʤ",3
"""ʤɛ",2
ʤɛb,4
"ɛb""",2
"b""",2
""" b",2
rty,1
ty-,1
y-t,1
-th,1
thi,1
hir,1
rd*,2
bɨv,1
ɨvʂ,1
avs,1
vst,1
ʲiu,2
ʲio,1
erɨ,1
ɨ r,1
ssp,2
ʂiv,1
i ʒ,1
ʲeɕ,1
eɕː,4
ːer,1
eru,2
okʲ,2
ʲea,3
ean,5
ʏx,2
ːxj,1
xje,1
̩ l,1
iʂ,6
eŋk,4
ŋke,3
oŋi,1
ŋi,1
duʂ,1
uʂa,4
ebo,1
bov,2
otɨ,2
ola,2
laj,1
j f,2
fom,1
uk,3
ukr,1
dom,2
ezʲ,1
zʲb,1
ʲbo,1
j ð,1
"əθ,",2
rzɛ,4
ɛvu,1
xdɛ,2
ɑw?,1
w?,1
? e,2
knɪ,3
xrɪ,1
mmɪ,4
mɪɣ,1
ʊəs,1
n 3,4
35,2
35.,1
5.5,1
.5*,1
afc,1
fc*,1
", θ",1
24-,1
14*,1
4*,1
* l,2
ɔs.,2
m e,9
ozd,2
zdɨ,1
dɨ,2
skv,1
kvo,1
ejn,1
jnɨ,2
nep,3
epo,1
eku,3
uɡ,2
ɡ o,2
uɡa,2
ɡa,3
ɔp!,2
p!,2
ˈɪʃ,5
ɪʃu,4
ʃuz,3
ːɣø,1
ɣøː,3
w r,2
rɑj,2
jɪk,2
kɛs,2
ːʋɪ,3
rd;,1
; m,2
jse,1
x œ,1
ɥtp,2
tpʏ,1
pʏt,1
jɪŋ,1
ːpt,3
lj,2
rvl,3
vlɑ,2
ɛrf,1
rfɛ,1
fɛc,1
ct!,1
ɛlɣ,2
(be,1
) ɛ,1
nɪʧ,2
810,1
0 t,2
cay,1
ayu,1
yug,1
uga,1
iə.,1
tɛo,1
ɛoː,2
j ɑ,2
jtd,1
950,6
rac,1
sæt,3
ˌdi,2
m u,3
uɡ,3
uɡl,2
ɡlu,2
omn,4
mna,3
atɨ,2
koʂ,1
oʂk,2
un.,2
two,2
wo-,2
o-r,1
-ro,1
roo,1
oom,1
sɪp,1
ɪpi,1
pi,2
glæ,3
læd,1
lmɔ,1
uˌt,2
tɔ,1
ɔ t,1
ʊls,4
lsə,3
ns?,1
? t,3
ːny,5
ɪsb,1
xs,2
ɑxm,1
xmɛ,1
ɣɛŋ,1
p y,1
ɪŋ?,2
ŋ?,2
ˌg,4
tˈg,2
lly,1
lyp,1
ypo,1
tɪp,3
186,2
860,1
(ˈp,1
ɔɪd,1
ʊps,2
ɔr),2
r).,2
ʒ v,1
ɡ k,1
ʰ n,1
nib,1
ib̤,1
nd,2
ble,3
puk,2
o u,3
ʰ d,2
er,3
osa,5
ngw,1
gwe,1
wel,3
lls,1
ʊnʃ,1
nʃɪ,1
(na,1
ɪrˌ,1
n),1
) o,1
826,1
26-,1
6-1,1
05*,1
ito,4
tog,1
ogo,2
got,1
ot*,1
(c,1
(c1,1
c18,1
839,1
39-,1
9-1,1
-18,2
876,3
76*,1
6*,4
məg,4
əgr,4
? ʃ,1
bəg,1
əg,2
g k,1
ˈbo,1
ʊtm,1
daʀ,1
ʀtb,1
tbæ,1
bæː,2
a,1
omɨ,1
mɨv,1
ʲ m,1
kru,2
əʤɪ,5
. x,3
aoɕ,3
oɕy,2
siɕ,1
y ˈ,1
ʊ w,7
lˌs,2
ˌse,1
ʃu,1
ʰ a,1
niʈ,3
xrɑ,5
mʏ,4
mʏr,2
ʏrd,2
rdɔ,2
dɔx,2
ɔx.,1
ɪrs,2
"u.,",1
(ʤ,1
(ʤɛ,1
ɛb),1
"b),",1
nil,6
rθi,2
θi.,1
sxœ,1
xœɥ,1
ɪvɛ,1
ːn;,1
; d,1
ːlœ,2
ɑlb,1
lbɛ,1
rsɑ,1
sɑs,1
lˈt,1
"æn,",3
eyl,1
yle,1
rfə,1
ɔŋg,1
ænʃ,2
ˌw,3
lˈb,3
ənr,1
nrɪ,1
ɪəb,1
abl,4
z ʤ,5
(no,5
n-o,1
-ob,1
ser,3
nt*,1
t*),1
*);,1
);,1
; ˈ,2
ˌɛl,2
nʧr,2
ʧri,2
udo,1
dov,1
ɨla,5
j u,1
ʂal,2
nˌm,3
ŋ c,1
ce,1
cel,1
ʊˈl,3
bə,2
rˈn,1
ikə,2
gæl,1
id.,1
up,4
ːɦu,1
ɦul,1
əvi,3
viɽ,2
iɽ,2
ɽ n,2
d̤e,1
̤e,2
ʒəd,1
uss,4
ʃʰa,3
i a,4
ːps,1
pse,1
ːpk,1
pki,1
ːɦe,1
ŋɡi,1
rso,2
nɛŋ,2
sʈe,1
ʈeɖ,1
ɔːd,2
ʒuː,2
d 2,2
"23,",1
"3,0",1
",00",4
0 d,2
s u,3
lij,5
ɡəɽ,3
əɽɡ,1
ɽɡə,1
ːɦə,1
ɦəʈ,1
ʈ s,2
ɡət,1
̩ p,5
uko,1
kou,3
siɖ,1
iɖn,1
ɖni,1
ŋɡk,1
ɡka,1
100,1
diˈ,1
iˈd,1
ˈlj,1
uˈa,1
ɦla,1
div,1
ivs,1
vsi,1
ːj,1
ʃ 8,1
87,1
7 r,1
ɔnʋ,2
nʋa,1
yej,4
eju,3
aŋw,1
ŋwo,1
wo,3
aip,3
puo,2
ɨ p,2
poz,1
ozv,1
zvo,2
ʲam,3
uj,1
ujt,1
jtʲ,3
roe,2
oek,1
ktɨ,1
anu,2
raz,4
azd,1
zdo,1
bʲ,10
dos,2
dvu,1
vux,1
uxk,1
xko,1
atn,3
tno,1
j ʂ,3
kaf,1
af,1
xov,1
ots,1
ɪdɑ,1
ˈɑˌ,1
ɑˌt,1
ˌto,3
ɪnh,2
nho,2
dau,1
us*,1
76,2
6 n,4
kɛm,3
snɛ,2
f j,1
ʰir,4
lɔː,1
ɔːʈ,1
ːʈe,1
ʈeɡ,1
s y,3
f i,1
'ɑ,1
'ɑp,1
ɑpb,1
rm',1
"m',",1
uːɣ,1
fʀ,2
fʀɛ,3
835,1
35,3
915,1
185,1
856,1
865,1
rev,3
vet,3
gad,1
adi,2
ier,2
r-g,1
-ge,2
gen,3
iˈk,1
d-,2
d-d,1
day,1
ŋz.,2
v 3,2
umm,1
nɔː,1
ɡəe,3
l-m,2
-me,2
mea,2
nin,5
937,1
37,1
7 f,1
"jə,",1
ɔ d,1
tuˈ,1
bi.,2
ænθ,2
nθɔ,1
θɔˌ,1
ɔˌn,1
ɔz,2
wɑl,1
ɔl.,1
kje,2
ːtd,3
bəˌ,3
ˌbl,2
hæf,1
? i,1
ad͡,2
ʒəj,1
əj,3
evɡ,1
vɡə,1
tob,1
bɨ,1
bʲj,2
ʲje,2
ane,3
bnu,1
mas,5
nəʤ,1
ɪŋ:,1
ŋ:,1
ɪkˌ,1
kˌn,1
ˈʤɑ,6
ʊd.,3
ouʈ,3
ɕii,1
iit,1
ɕip,1
ipe,1
xek,1
a f,3
kuʂ,1
ɻ̩p,2
̩pʰ,1
ədt,2
dtə,2
bip,4
ɡus,1
ssa,2
ːtv,1
tve,1
ːsm,2
kbe,1
"nθ,",1
iəz,1
luˌ,2
uˌi,2
ˌiz,2
izi,2
ziˈ,2
ʧəs,2
ɪlo,1
aɪʧ,1
lti,4
tbɑ,1
ʀ t,1
ːsʀ,1
sʀi,1
"mɪ,",3
ʋɛ.,1
kiθ,1
iθ,1
θ m,2
mun,2
unz,1
tɔʀ,3
ʀmo,1
͡sy,3
syː,3
ɛlx,3
hʏt,2
tp,1
p i,2
ːxa,1
ʧa,2
ʧaɪ,3
z ɑ,2
z g,3
gl,2
æs,2
prɔ,3
pt.,1
omu,2
kt,1
o ʒ,1
ʒe,5
ʒel,2
lae,1
evo,1
ʲja,1
jas,1
asn,1
at,5
ʲiz,2
izo,1
zok,1
iʂʲ,1
ʂʲː,1
ʲː,1
ːhu,1
ːtz,2
tza,2
ɣɛo,1
cg,1
cgs,1
gs*,1
k ʧ,1
ɪm:,2
m:,3
: w,1
fr*,1
r*),1
atc,2
tco,1
cou,1
oul,2
ulo,1
omb,1
mb*,1
b*.,1
"ːl,",4
ːxɛ,1
̤un,1
uno,1
r ʈ,1
ʈʰ,2
ʈʰu,1
ʰum,1
umk,1
mke,1
zap,7
ʲ ɡ,2
ɡol,6
rsa,1
atk,1
tkn,1
knu,1
uls,1
nno,7
ʲaj,3
ajn,1
jno,1
ʀɪs,2
lɡɪ,1
ɡɪt,1
ɪtɐ,1
ɐ y,1
æːɡ,1
ːɡt,1
ɔʀb,2
bɪʀ,2
ʀte,3
m ʊ,3
tɪʀ,3
pʀe,2
ɛtv,2
tvɑ,2
vɑː,2
ʋɑk,1
r.v,1
.va,1
ɪ 5,1
55,1
5 t,3
ɪ 4,1
45,1
hɪˈ,1
spæ,3
tɔl,2
ɣø,2
øː̀,2
ː̀ɪ,2
̀ɪs,2
ɑm:,1
stœ,1
œɥp,1
ɥpt,1
ptr,1
ʲu,1
rto,1
toʂ,1
zʲ,1
apr,4
pax,1
axu,3
xut,1
ods,1
dso,2
f s,1
lɛɑ,1
ɛɑs,1
stʋ,1
tʋɑ,1
ʋɑj,1
ɑjs,1
cɔt,2
tta,1
rze,1
lɔp,2
ɑfd,2
ouf,1
uax,1
oɕi,1
ɕik,1
ʂex,2
exu,3
ərw,1
rwə,1
814,1
"3,",1
"3,8",1
",81",1
819,1
* j,1
", 3",1
36,3
təʧ,1
əʧˌ,1
ʧˌd,1
ˌda,3
oʊf,2
ʊfi,2
ʊds,1
dsə,2
34,1
4 d,2
eʃo,2
ʃon,2
ɡ l,1
ʲ x,3
xot,4
kos,1
ivo,3
e h,1
unt,2
eŋj,1
nwa,1
nʂa,2
o h,1
deh,1
ehu,1
uma,2
æˌs,1
tɪf,3
θim,1
(e.,1
e.g,1
.g*,1
g*.,1
gɑz,1
ɑzə,2
zə),1
ə).,1
æŋ,4
æŋˈ,4
ŋˈz,4
rɛr,2
"d.""",2
""" a",1
aɡ,2
aɡə,2
ɡər,3
ʰ o,1
ʒnə,2
diɡ,1
iɡɡ,1
ɡɡə,1
ɡəd,1
ʒ p,1
m ɦ,1
ʃəɽ,1
̥ək,1
nzɪ,1
ɪn!,1
! r,3
ːs.,1
2 –,1
ʂuɕ,2
eŋw,1
iek,2
u ʂ,6
liʈ,1
eŋp,1
uːŋ,4
ŋki,2
əbi,1
ːdɡ,1
dɡi,1
fəŋ,1
aɦ,1
aɦə,1
hɛk,1
rsʋ,1
sʋo,1
hn:,2
: ɪ,1
zʏl,3
js.,1
ːpɔ,1
pɔn,2
ɑwd,5
"wd,",2
tsɑ,1
bɪp,1
ɪpl,1
lɪo,1
zu,5
jvɪ,1
ːba,6
ːʏk,2
fal,3
ənɐ,1
onv,1
nvʲ,1
vm,1
vmʲ,1
nʲɡ,1
ʲɡa,1
ɡam,1
obn,2
aru,3
ruʒ,3
uɡr,2
oza,1
zam,3
", g",2
dɑp,1
mɪd,2
ə ',2
'ɛ,1
'ɛs,1
ɛs',1
stʊ,1
tʊd,1
"iə,",3
lɔɪ,2
ɔɪi,1
ɪiz,1
lɛr,4
z i,3
c.,1
c.h,1
.h*,1
h*.,1
lpɛ,1
"jr,",3
sxɔ,1
xɔr,1
r x,2
jze,1
ʋɪt,1
mʏt,1
ʏtʃ,1
tʃe,1
krʏ,1
ʤɪd,1
d 8,1
86,1
6 æ,1
"ɛθ,",2
nge,2
t-l,1
-li,2
liv,3
ved,1
zep,1
epp,1
ppo,1
po*,1
ieʂ,3
eʂu,2
ix,2
ixo,1
ynf,1
777,1
77,3
ryl,1
yla,1
nd�,1
d�s,1
te�,1
e�s,1
rɛʒ,2
ɛje,1
ʒd̤,1
ʈʰi,1
108,1
8 b,1
ʈij,1
r ɖ,3
ɖ̤o,1
̤ol,1
iʃa,2
jfd,1
naɕ,1
ɻi,1
ɻit,1
d.ɪ,1
.ɪk,1
ɛr;,2
; z,3
: o,1
nʤɪ,1
on',1
hɛx,1
ɪsn,1
n 7,1
7 2,1
thy,1
hy*,1
ərʃ,1
rʃə,3
org,1
rga,1
ic*,1
iəˌ,1
ˌpo,1
d i,2
nsk,5
taf,1
lœs,1
œst,1
t ɐ,1
ɐ,1
ːfɑ,1
ʂum,1
umi,1
uʂ,2
ɻ̩u,1
̩uk,1
vɪa,2
j x,2
xrɔ,2
atm,2
tmo,2
mos,2
osf,2
sfʲ,2
fʲe,3
elo,4
vn,2
vne,2
eza,3
pno,2
izm,2
zmʲ,2
ʲ ɪ,1
ɣɛf,2
ˈgu,1
gug,1
ugə,1
ɑmɛ,1
"ɑz,",3
ˌte,1
cb,1
cbs,1
bs',1
s's,1
wɛd,2
sɛr,3
ʊni,5
ɑts,2
"mə,",1
f ʀ,1
tʀɛ,2
əʀ-,1
ʀ-,3
ɔfɡ,1
fɡe,3
hʏn,3
ːfm,1
fmu,1
ːzɔ,1
rxt,1
wdɛ,2
fre,1
6 g,1
rpˌ,1
pˌʃ,1
ˌʃu,2
iˌs,3
ˌsi,2
ɛtˌ,2
tˌw,1
rk.,3
ubʲ,4
azb,1
zbo,1
apo,3
lna,3
kup,5
upo,2
n ʒ,1
ɨmʲ,3
buk,1
ukv,1
vam,2
lot,1
tax,1
jeɕ,3
eɡa,1
ɡax,1
x r,3
poa,2
oav,2
lʲz,1
ʲzu,1
zuu,1
uut,1
rʤi,1
ʤiˌ,1
ɑp,4
pso,4
kəd,1
̤əŋ,2
əɽ,2
ɽ ɡ,1
dɛ-,2
ɛ-k,2
-kr,2
krœ,2
ɥsz,2
szi,2
nhœ,2
977,2
ˌv,2
ɪzˈ,1
zˈw,1
æpɪ,2
pɪt,3
rˈɑ,1
ˈɑk,4
"kə,",2
ŋk.,1
p w,2
iɲ,1
iɲd,1
ɲd͡,1
͡ʒm,2
ʒma,1
mul,1
ulə,3
lə-,3
ə-ɦ,2
-ɦə,2
ɦək,1
k -,1
-1,1
-16,1
6 a,1
abd,1
bdu,1
ə-r,1
-rə,1
pʰɦ,1
ʰɦə,1
904,1
oŋx,1
ɕit,3
itʰ,5
xeɕ,1
i e,3
dut,3
bsu,1
suʒ,1
uʒd,1
ʒda,1
tʲs,1
ʲsʲ,1
duɕ,1
r q,1
ueb,1
bec,1
ece,1
cer,1
lé,2
lév,2
éve,2
ves,2
esq,2
squ,2
acs,1
cs*,1
ɔɪm,1
elɨ,3
lɨj,5
ɨ ɡ,1
ɨ ˈ,1
ɪkn,1
ʃpɔ,1
ʀfɔ,1
fɔl,1
ɔlɡ,1
lɡə,1
vii,1
749,1
49–,1
9–m,1
–ma,1
arc,2
rch,1
ch*,2
808,1
8 k,1
ɔrˌ,1
rˌw,2
ʃˈl,1
ɛsw,1
wɪg,2
ɪg,4
g ə,1
rɔd,3
"ɔd,",1
uˈi,2
ˈiz,2
zə,1
ɔd.,1
vsp,1
a ʒ,3
ʲan,3
anɨ,2
ruj,1
uj,1
epr,2
dum,1
aem,2
o,2
nbɪ,1
ʀpʀ,1
yːk,1
ːʀy,1
ʀyː,1
zɪp,1
ʀkɔ,2
1 ʃ,2
ʊsɪ,1
"əp,",4
nˌh,2
ˌhɑ,1
rəʃ,4
zɑr,1
xd?,1
mɑk,1
ɪsl,1
. ',1
'ɪk,1
ŋ ɑ,1
ɑb,1
ɑbˈ,1
͡ʒæ,1
ʒæː,1
svə,1
vəp,1
əpn,1
pnə,1
ɦti,1
əma,4
əɡt,1
ɡta,1
ʰ ɡ,1
əɽb,1
ɽbə,1
ɽ ɦ,1
eŋʈ,6
ɪvj,1
vjə,1
oa,1
oaf,1
afi,1
fis,1
ish,1
sh*,1
"h*,",3
mzi,1
"zi,",1
vəb,1
21,5
150,1
504,1
157,1
575,1
rʧˈ,1
ʧˈb,1
bɪʃ,1
ʃəp,1
155,1
559,1
9 t,1
tɣɪ,1
ːn?,3
lɪp,1
ɪpp,1
"ŋz,",1
bɪg,1
g b,1
: l,1
ɛfɛ,2
ːxɐ,2
xɐ,3
ɡɛk,1
kʀʏ,1
ʀʏm,1
ʏmt,2
æpl,1
ɪˈʤ,2
ʤɛk,1
m c,1
cro,1
oze,1
zer,1
iəˈ,1
lɑʤ,1
ɑʤɪ,1
ʤɪk,1
bæʧ,2
ʧəl,3
951,1
51,1
917,2
17-,1
7-1,1
ɐ 8,1
80,1
800,3
0 b,1
ppɪ,2
rxv,1
xvʏ,1
vʏl,1
ɪnɛ,1
ɔtj,1
ɛxs,1
ptɛ,1
ˈɔp,1
ɔpə,1
mac,1
chi,1
hin,1
e-l,1
lik,2
ol,3
lʲɡ,1
ʲɡu,1
evn,2
vnu,1
zaa,1
aav,1
kəˌ,4
əˌd,1
ɪm;,1
m;,1
; f,1
ʤ m,1
ɛm,1
lil,2
2 ə,1
iˈɔ,1
ˌlæ,3
æk.,1
iːɑ,3
͡s.,1
s.b,1
.b.,1
ɐ o,1
ky,1
yːɡ,1
ːɡɛ,1
aiŋ,1
iŋe,1
bau,2
abs,2
ɐ ɔ,1
aːh,1
hɑ!,1
lt.,2
ɦet,1
ʈ d,1
saʒ,1
zae,1
mɨʂ,1
ɨʂt,1
ʂt͡,1
sax,1
x ˌ,1
ɪvi,4
əlb,1
r 7,1
ɑmm,2
rkn,1
knɔ,1
nɔp,1
sʏc,1
ʏcs,1
csɛ,1
ʧəg,4
i*.,5
ʃ θ,1
zai,3
ʀɛl,1
aiɡ,2
iɡə,2
ənʃ,1
nʃa,1
ʃaf,1
eːɪ,2
ːɪk,1
ɪkk,5
uto,2
ːtɑ,1
npʀ,1
ʊmt,1
mt͡,2
uːv,1
ːva,1
bɑm,3
ʊki,1
kiˌ,1
ɪθˈ,1
θˈd,1
ɔ h,1
bæl,1
nˈj,1
uˌʒ,1
ˌʒu,1
ʒuə,1
ɪpj,1
ən:,1
kæʃ,3
dɔl,2
ɔlə,3
ˌmi,1
mit,1
usɪ,2
ˌwɔ,2
ækʃ,1
wɪʃ,1
e-w,1
wra,1
rap,1
app,1
ppe,2
ped,1
ɔzɪ,3
tˌp,1
ʃr,1
ʃrɪ,1
ˈfə,4
ərð,2
rðə,2
vɨb,1
ɨbʲ,1
raa,2
vʲa,1
ʲaz,3
ʂap,2
ajt,2
ɕʲʂ,1
ʲʂe,1
apk,1
pka,2
xak,1
z ʂ,1
ʂer,1
yex,1
ɦ p,3
nsˌ,1
984,1
4 ˌ,1
z v,1
ŋ 4,1
49,1
v 5,1
0 s,1
0 p,1
tɑj,1
ɪre,1
xɪk,2
nɛj,1
ɪɣɪ,1
ːɣʏ,1
aki,1
rul,1
nip,2
ipʈ,1
pʈi,1
ːrʈ,1
rʈi,1
təj,1
j ɦ,1
ɦoɡ,1
oɡa,2
"lf,",3
ːŋɛ,1
ŋɛk,2
ɛkl,1
dɑs,1
ːf.,2
vɑr,1
"ɔl,",3
gli,1
ləb,1
əb.,1
nɪˌ,4
ɪˌg,1
ˌgɑ,1
gɑn,1
ɛke,3
unɕ,1
ouw,1
uwe,1
971,1
71,1
973,1
73,1
"zə,",1
ʤ i,2
v g,2
ːt?,1
ɔ̂,1
ɔ̂h,1
̂hɛ,1
ˌtə,1
ləʧ,1
e g,1
5 d,1
ɪkl,4
fæ,2
ɛla,2
ntb,1
tbɛ,1
ɔt?,1
hɑʤ,2
ɑʤk,2
ʤkɪ,2
hux,1
uxl,1
ley,1
pɑθ,1
ɑθə,1
θəˌ,2
z a,1
ːxh,1
xhɑ,1
rɔx,1
z z,1
794,2
94-,1
-17,1
796,2
96*,2
ʧ k,3
"""ˌ",1
"""ˌʤ",1
"n,""",1
"hi,",2
ˌʒ,1
ˌʒɑ,1
ɑnb,1
bəp,1
lam,1
rck,1
"k*,",1
rˈʃ,1
ˈʃæ,1
ʃæd,1
ædo,1
jɑ!,2
! u,1
ott,1
tt͡,1
v ʂ,1
ʂv,1
ʂvʲ,1
ejt,1
jt͡,1
sar,1
rsk,2
eso,1
nˈʤ,1
ɪfˌ,1
fˌt,1
ɛd;,1
; ɔ,1
ɛtz,1
tzɛ,2
ɛsm,1
xt:,2
"d,.",1
",..",1
r θ,3
lpe,1
pʊl,3
tsə,3
fi.,1
itv,1
nka,3
nəʈ,2
ʒne,1
vop,1
slɨ,1
lɨʂ,1
ɨʂa,1
upr,1
iru,1
ovn,3
ois,1
isʂ,1
sʂe,1
ʂed,2
edʂ,1
dʂe,1
əvv,1
vva,1
pɪl,1
ɪls,2
lsv,1
ːɡɪ,1
ɡɪs,1
ʀɪʀ,1
lmo,1
ŋkɛ,1
anv,1
ənh,2
hai,1
ʀmœ,2
cy,1
ːmʏ,1
mʏl,1
ʏla,1
lma,2
hɑp,1
ntm,1
tmu,1
ːhe,1
ɪnv,2
nvl,1
dy,1
dyː,2
ɛnɑ,1
tɣɛ,2
ɔpz,1
pzɪ,1
1 ɪ,3
lfə,2
ʃɪr,1
amɐ,2
d-f,1
-fœ,1
fœʀ,1
œʀm,1
ʀmi,1
hɔx,2
ɔxf,2
xfʀ,2
͡ss,1
pan,4
anʊ,2
k o,2
bɪ!,1
ɪ!,1
ll,1
llb,2
lb*,1
b*,1
tɛt,1
nˈl,1
eɡu,1
ʲau,2
rus,3
usa,2
dʲm,1
ʲmɨ,1
ɨ d,2
lxt,1
lzʋ,1
zʋɛ,2
meŋ,1
eŋm,2
lio,2
792,1
92,1
ʤɑˌ,1
ɑˌʃ,1
ʃuə,2
uə,1
uʒu,1
ʒu,2
uxa,3
xaʒ,1
za,5
ɨbk,1
bka,1
akv,1
ium,1
zat,2
abu,1
wee,1
eek,1
ˈʤʊ,1
ʤʊr,1
"hn,",1
bɛɑ,1
ɛɑn,1
lvm,1
ˌæn,2
ʊʧɪ,1
ol*,1
ɛme,1
θ æ,1
æˈ,2
æˈn,1
næl,2
' ɪ,1
ɪvn,1
vnə,1
tɑk,3
aws,1
wst,1
muz,3
uzɨ,2
zɨk,2
ɨka,2
iɡ,1
pox,1
oxo,1
xor,1
azɡ,1
zɡr,1
ɡru,1
uʒa,1
ʒal,2
vaɡ,1
onɨ,1
ɨ ʒ,1
rɛʃ,4
kaz,3
zal,2
ssk,1
lda,1
om,1
oet,1
sap,1
poɡ,3
v i,2
jsk,1
e 5,1
57,1
7 ɡ,1
pna,1
ː 5,1
ːfʏ,2
ʏlh,1
lha,2
ənx,1
nxʏ,1
xʏm,1
ːɔs,2
ɔsp,1
ʀmə,1
ɔʀɡ,3
ʀɡɑ,1
ʀɡt,1
ɛlb,1
lbs,1
ʏlf,1
lfʀ,1
ntt,1
ɪŋ!,1
ŋ!,1
nlʏ,1
tʲa,3
ʂl,1
ʂlʲ,1
ejf,1
v u,1
ʒ u,1
d u,2
ː 4,1
42,1
42v,1
2ve,1
oɦm,1
ɦmm,1
mmə,1
d ɦ,1
ɦəp,1
ʃoe,1
oeb,1
eb,1
ʃ t,3
æːʈ,1
ːʈʰ,1
ʈʰe,1
lɛɣ,2
ld?,2
ɪʃ?,1
ʃ?,1
? ʤ,1
ʃ ɪ,4
ʊmˌ,1
mˌl,1
i 7,1
ɑnɪ,2
jə),1
n-a,2
viz,2
ʊˈd,1
dɔɪ,1
kʀʊ,1
ʀʊn,1
fɔs,5
ɔsf,6
sfa,3
f ɡ,1
leo,1
eo-,1
alc,1
lci,1
cid,1
gab,1
rie,1
-an,1
ang,2
ge*,2
ue*,1
rɑv,1
ɑvɪ,1
. θ,1
s #,1
lʲt,1
ʲtʲ,1
ɨ z,1
onu,1
ɡik,1
988,1
hen,1
en-,1
n-v,1
vic,1
ice,1
h.,2
h.w,2
.w*,2
w*.,2
ʋɑw,1
? ð,1
o-f,2
-fo,2
fou,2
"r*,",2
ɪˈæ,2
ˈæm,2
ig.,2
g.,2
uv,1
uvʲ,1
iʒu,1
uʂi,1
rvu,1
vu,1
kær,1
æru,1
sɪæ,1
ɪæp,1
æps,1
psɪ,1
rɑz,1
"us,",1
alf,1
oth,1
? ˌ,1
824,1
24,2
ˈð,1
ˈðɛ,1
ɛrˈ,1
"vz,",1
l y,2
4 ˈ,5
ˌəˌ,1
ˌlɛ,2
ʊˈk,1
ns*,1
ˈɪt,1
æn),1
des,1
ire,1
rel,1
les,1
ess,2
ss*,1
skæ,1
ˈig,1
hɑk,1
ɑki,2
ənɖ,1
ɖe,2
2-,1
2-0,1
-0,1
0 k,3
rɣu,1
tɪo,1
zom,1
uzn,1
ˌwa,2
ɪˈo,2
ʊmɪ,2
eno,2
no*,1
* r,2
onc,1
nca,1
cal,1
io*,1
"o*,",1
(sɛ,1
910,1
990,1
hɪr,2
ɪro,2
: ',1
'h,1
'hɛ,1
kt?,1
ˌl,2
əsˈ,1
ˈθa,5
θaʊ,5
vʂe,1
uːb,1
ːbu,1
aŋu,1
ŋuʈ,1
eif,1
ŋʂu,1
"lθ,",1
ɛlˌ,2
lˌf,2
ˌfɛ,4
aof,2
iax,1
ŋɕy,2
ˈθə,3
glɔ,2
? x,1
aoɻ,1
oɻe,1
eiu,1
ŋkˌ,2
kˌp,2
ˌpɔ,2
(ˈd,1
ər),3
"r),",3
kɛk,1
"ɛk,",1
əbɪ,2
bɪθ,2
rɑt,2
ɑrθ,1
rθə,1
θə,1
ruθ,1
uθ,1
ənb,2
ʃɛp,2
ʃəm,1
ˈku,4
40s,1
ʊˈp,3
ˈtʊ,1
tʊr,2
ʊro,2
ʊ ˌ,1
tɔs,1
ɪmf,1
mfə,1
jux,1
uxu,1
elu,1
lɑm,4
pɛx,1
ɛxl,1
xlɑ,2
966,1
6 b,1
ːrɡ,1
rɡi,1
ɔle,1
ed͡,2
vɨp,2
ɨpl,1
snu,2
eʒe,1
ʒev,3
evɨ,1
vɨj,2
j j,3
ʒak,1
n ऑ,1
ऑp,1
ऑpʰ,1
əmd,1
mda,1
xtd,2
tdø,2
ˈzi,2
ziz,2
"bə,",1
ʃ b,1
uiz,1
ukl,3
ˌtɑ,1
ɛlz,5
nuˌ,1
ʧ ʃ,1
mpæ,1
sfɪ,1
ɪˈθ,2
θɪn,1
ee',1
ægd,1
gdə,1
ˌli,2
enb,1
nbu,1
urg,1
rg-,1
g-k,1
-ku,1
ulm,1
lmb,1
mba,1
bac,1
ʤ d,1
vd.,1
823,1
ʤɑk,1
elt,1
ram,1
mi*,1
ɑf.,2
̩pa,1
iu,2
ius,1
usu,2
tɪɔ,1
ɪɔn,1
ɔnn,1
nsr,1
iŋj,1
ous,1
̩ d,1
odd,1
dd-,1
d-j,1
-jo,1
job,1
bs*,1
"ɔɪ,",1
rəg,1
g s,1
ʤɛ,1
ɛb,1
b b,1
ˌdl,1
dlæ,1
ɔɪ,1
ːnɖ,1
rol,1
ʰ j,1
nɪl,1
801,2
01-,1
1-1,2
881,1
81*,1
1*,1
att,1
tto,1
y-g,1
"(""j",1
"""ju",1
tie,1
sle,2
"r*""",1
"*"")",1
sˈw,3
wid,2
gɑd,1
ɑdˌ,1
ki.,1
834,1
fɪˌ,2
ɔŋz,1
sc,2
scɔ,1
ɔtl,1
tlɑ,1
jɪm,1
mmj,1
mj,1
pp.,1
asx,1
odɨ,1
ɨ o,1
upa,3
ɔˈ,3
ɔˈs,1
ædv,3
dvə,3
vəˌ,4
ɪʃm,1
ʃmə,1
sim,1
mpɪ,1
"ku,",1
rˈə,1
bɔt,1
934,2
onp,1
erf,1
rfo,1
dɑɣ,1
"ɑɣ,",1
", œ",1
n.m,1
.ma,1
ːpj,1
ɑxl,1
jna,1
ɛlɐ,1
ʀ v,1
ʀfl,1
səŋ,1
ŋkœ,1
kœʀ,1
œʀp,1
ʀpɐ,1
pɐ,2
nʀa,1
". """,2
"""ˈɛ",1
ˌbɑ,1
ɔnʧ,2
gé,1
gér,1
éra,1
ərɑ,1
rɑr,1
nki,1
ɽ̥i,1
̥iː,1
æfə,1
dˌʃ,1
tˈ,1
rz;,1
z;,2
; ʤ,1
fək,2
əsɪ,1
vɔr,4
məj,1
b v,1
əsu,1
ʰ b,2
iːz,1
ɑkˌ,2
rθs,1
θɔɪ,1
ɔɪŋ,1
sɔɪ,1
ɪkʧ,4
kʧə,4
smæ,1
mæʃ,1
ɔˈk,2
eɪʒ,2
tzɔ,1
sxu,1
xuː,1
iak,2
ws,1
hy,2
hyː,2
ʋr,1
ʋrɑ,1
ɑŋ.,1
umɽ,1
mɽa,1
। w,1
ːɪn,1
flʊ,1
lʊs,1
ʊsə,1
ʊsp,1
itʊ,3
mp.,1
7 ɛ,1
"""g",1
"""ge",1
"s,""",1
""" ʃ",1
nθə,1
iˌa,1
lz',1
blə,1
æng,1
ngr,1
rɔˌ,1
ɔˌs,1
uː!,1
! ʈ,1
npi,1
rzi,1
"u """,1
"""bo",1
bon,1
esm,1
"n*""",1
""" ð",1
(ˈg,1
(sə,1
"i),",1
mæl,1
ʧɛˌ,1
ɛˌv,1
ˌvi,1
ʧe,2
ɳ t,2
təɦ,2
ʰ i,1
vlʏ,1
trø,1
ʏrɪ,1
x x,1
daw,1
aw.,1
ʤ p,1
(ˈr,1
id),1
oʊɛ,1
ʊɛl,1
blɛ,1
dæd,1
ædz,1
iɪt,1
obɕ,1
bɕː,1
oka,1
ʲʂo,1
ʂoe,1
ʲia,3
odr,2
stk,1
tko,1
ʊrl,1
fæs,1
tpr,1
? w,3
nbi,1
ɔrl,1
ɣɛ.,1
p o,1
ːlʏ,1
kɪx,1
tɪg,1
ɪgm,1
gmə,1
sˈʤ,4
ʤəʤ,1
əʤd,1
ˈɛˌ,1
ɛˌn,1
nɛˈ,1
ɛˈf,1
onm,1
ig,2
g h,1
ŋ 1,1
112,1
2 k,1
jɑ?,1
kux,2
xon,2
ʲeu,3
euɡ,2
rdo,2
j ə,1
gɛ,2
gɛs,2
: m,2
", ʧ",1
ʧɪ,1
ʧɪp,1
"ps,",1
sno,3
eʒn,1
ʒna,1
vos,2
osk,1
avʂ,1
lub,1
zaʒ,1
ivl,1
auɕ,1
ɕːu,1
ːuu,1
azʲ,1
zʲ,1
bot,2
ɨ h,1
lux,1
xoj,1
etl,1
ʲaa,1
skl,1
tə.,1
ou,2
a ð,1
scr,2
cri,1
rip,1
ipt,1
pt',1
t's,1
ivm,1
wɪm,1
ɪ v,1
"""w",1
"""wi",1
dæt,1
ɔnb,3
nbe,2
nʋɛ,1
fdu,1
lf.,1
ʃvə,1
͡s-,2
s-,1
ɔp͡,1
͡fʀ,1
fʀe,1
ɔʀd,1
ʀdo,1
yeu,1
eut,1
ʏs.,1
ænl,1
885,1
"hu,",1
amt,1
ɐ i,3
ːkʊ,1
kʊn,1
ndæ,1
dæː,1
ːʀ-,2
- t,1
iːæ,1
ːæː,1
ʀtæ,1
əɡɦ,1
ɡɦo,1
ilk,1
"ə """,3
"""s",1
"""sn",1
"l""",1
""" k",1
rəʤ,1
dɪg,1
g a,1
ʏxɣ,2
nɛd,1
ɣɑn,1
æˈt,1
ˈtl,1
tlæ,1
"tə,",1
ɛv.,1
ælˈ,1
əpɪ,1
ʊdz,1
ælz,1
zəz,1
"əz,",1
swɔ,1
sɑc,2
ɑcr,2
crɛ,2
rɛ!,2
ɛ!,3
184,2
843,1
ŋ 2,1
21s,1
39,1
9 ð,1
aos,1
ɡr,2
ɡrʲ,1
iʂa,1
lad,1
adʂ,1
dʂi,1
ʂij,1
ætˌ,1
tiˌ,1
iˌn,1
klʏ,1
lʏŋ,1
ʏŋe,1
ɛlr,1
lrɪ,1
ʤɑt,1
ipɔ,1
bes,1
t-k,1
kno,1
now,1
own,1
wn*,1
zɪl,1
nzˈ,1
zˈl,1
m 3,1
"lm,",1
ˈdo,1
978,1
78,1
8 ʋ,1
ɔm?,1
m?,1
̩ʂu,1
nto,1
lyx,1
yxu,1
ɥʃe,1
rkr,1
ɣaw,1
aw,1
w e,1
6 ɛ,2
z ʧ,1
aʊm,1
uˈm,1
ɨ j,1
ivʲ,1
mo,1
v z,1
əʃ,2
849,1
ɛdm,1
ɔpk,1
pke,1
ɑt.,3
kun,1
nk',1
k's,1
nkl,1
nɑk,1
ɑkʃ,1
ːjn,1
jne,1
ʰəɦ,1
dud,1
3 s,3
ɦoŋ,1
oŋɡ,1
rux,1
xa,1
ʂno,1
lop,2
opo,2
pou,1
xaa,1
ɡni,1
ilɨ,1
lɨm,1
zub,1
jst,1
rtv,1
tvɛ,1
"js,",2
ɛmz,1
983,1
83,1
3 ʋ,1
b ə,1
ˈnʊ,1
nʊr,1
ʊrɑ,1
ræp,1
pəd,1
ɪgn,1
riæ,1
iæk,1
kʃu,1
ˈʧa,1
ˌdh,1
dhʊ,1
hʊd,1
ʏxk,1
xkʋ,1
'p,1
'pr,1
ːvʏ,1
vʏ́,1
ʏ́ɣ,1
́ɣɛ,1
ɛk',1
k',1
' ɔ,1
ɑjɑ,1
rkø,1
jdɑ,1
s ',1
"'m,",1
ɑrɑ,1
ɪkw,1
kwɪ,1
wɪd,3
sɑl,1
ədz,1
ʈɔ,1
ʈɔp,1
p ɡ,1
ɡi,1
ɡij,1
"n ,",1
ʊn.,1
lzɪ,1
wom,1
ʊ ʃ,1
669,1
69,3
oeɖ,1
eɖa,1
ɖaː,2
o 3,1
33,1
ːɽt,1
ɽte,1
s ʈ,1
ʈu,1
ʈuː,1
ʒmə,1
b ɦ,1
usf,1
ɑnʤ,1
nʤu,1
uɪt,1
rəi,1
əiz,1
165,2
659,1
rgj,1
gju,1
juə,1
uəb,1
ɪsc,1
vɛ!,1
! t,2
7 k,2
! a,2
vʏ,1
vʏʀ,1
ʏʀd,1
ʀhɪ,1
hɪn,1
"ʏs,",2
", y",2
"ʏ,",1
"ʏ,",1
b ɪ,1
ɛˈ,3
ɛˈs,2
θ ɑ,1
cod,1
odi,1
ə 3,2
32,1
32-,1
2-y,1
mad,1
gɛð,2
(ne,1
nəθ,1
əθə,1
θən,1
g ˌ,1
63-,1
3-6,1
-65,1
65*,1
* ʋ,1
soz,1
oaɕ,1
ːie,1
vrɨ,1
oɡu,1
ɡut,1
zor,1
ork,1
laz,1
az,1
erp,1
rpʲ,1
ors,2
o ʤ,1
rlɪ,1
ŋtə,3
927,1
7 n,2
ɪmɐ,1
ɪtp,1
tpʊ,1
pʊŋ,1
aŋ,1
ŋkɔ,1
ʀɪ,1
ːtæ,1
ɛʃl,2
ʃlo,2
yːn,2
ːçʊ,1
çʊŋ,1
ŋsp,1
nɪm,4
ɪmt,2
ɡɛʃ,1
ɛʃv,1
ʃvɪ,1
æːk,2
ɑːɐ,2
ːɐ,2
næː,1
kø,1
ʏkɛ,1
jʃe,1
s ʤ,1
mɔx,1
ɔsl,1
əkl,1
ːjd,1
jda,1
uʈ,3
uʈʰ,1
ʈʰa,1
ʈ n,1
ɛs!,1
piʧ,1
ikɪ,1
ɡɛs,1
əʀu,1
sɪx,1
lsɔ,1
sɔf,1
nəŋ,1
ŋkv,1
kvɛ,1
tʀu,1
ːnɔ,2
nɪç,1
ɦrə,1
"lə,",1
̤əʈ,1
ʈka,1
"aː,",2
ɦ a,1
dop,1
lni,2
daʒ,1
piɻ,1
̩tʰ,1
nɻ̩,1
taʈ,1
nfy,1
ɐ ɛ,1
ːfa,1
ænʧ,1
(ˈk,4
z 4,1
4t,1
vd),4
ælv,1
ʤ (,1
z 8,1
8t,1
z 9,2
9t,2
d).,1
ʧɔ,1
ʧɔɪ,1
nɪd,2
glɪ,1
axv,1
xva,1
tɨv,1
vae,2
nej,1
xt!,1
ʂt,1
ʂta,1
upʲ,1
sʲj,1
emk,1
mka,2
wɔʃ,2
ɔʃɪ,2
ʃɪŋ,2
n 6,1
69,1
9 g,1
0 ʃ,1
rnz,1
"""l",1
"""lo",1
"ər""",1
"r""",1
sɪˌ,1
"ɪd""",1
"d""",1
""" ˈ",1
"""ʤi",1
"oʊ""",1
"ʊ"".",1
ilz,1
hel,1
elg,1
lge,1
ʧ (,1
924,1
4 w,1
θəm,2
"rv,",1
rvz,1
aɪb,2
ɪbd,1
bd.,1
θ l,1
(ˈo,1
31,1
ŋˈt,1
uop,2
o ɕ,3
ejo,1
ouɻ,2
uɻo,1
ɻou,1
ækˌ,2
ed,2
eds,2
dse,2
el',2
l's,2
ɪdo,2
nˈh,2
d e,1
"ɑk,",1
ibl,1
izʲ,1
taj,1
ajɡ,1
jɡi,1
mop,1
suɡ,1
b i,1
mal,1
ɑxs,1
ːza,1
rbɑ,1
fda,1
jts,1
tsf,1
ɔxs,1
xsɣ,1
sɣe,1
̩je,2
nəv,1
də-,1
ə-u,1
-ul,1
ɦəs,1
ʃ s,1
əʈʈ,1
ʈʈə,1
əpk,1
"nʤ,",1
bj,1
jʊˈ,1
ʊˈr,1
ɑkr,1
rvø,1
vøː,1
k (,1
922,1
969,1
. r,1
ɨpo,1
nae,1
sia,1
im,1
imʲ,4
euɕ,1
vɨs,1
ɨso,1
sok,1
kuu,1
ʲif,1
ifʲ,1
ɑsv,1
svɛ,1
ɔp;,1
p;,1
rsz,1
szʏ,1
w t,2
ywɪ,1
wɪŋ,1
ɔɖə,1
ɖəl,1
əpɽ,1
pɽa,1
əkɔ,1
kɔː,3
ude,1
dec,1
cke,1
920,1
20s,1
ɪfr,1
ægn,2
ɪ e,1
ɛrɔ,1
grɪ,1
əʃr,1
ʃru,1
um.,1
i 8,1
l (,2
(ˈs,1
ɪŋ),1
ŋ),1
uvɪ,1
974,1
mœs,1
œsb,1
auə,1
uəʀ,1
tʀɔ,2
ʀɔs,2
ləʀ,1
ːbʊ,2
bʊŋ,2
ːpə,1
ʀfa,1
ltu,1
jde,2
mdɛ,1
", ʃ",1
lə.,1
uʒi,1
sɨɕ,1
ɨɕː,1
ːik,1
eʂi,1
ʂil,1
ɡom,1
nii,1
nt?,1
? k,1
ʒ 2,1
ʒət,1
b̤e,1
̤ed,1
yːf,1
fɪç,1
ɪçs,1
çst,1
sfæ,1
nhʏ,1
ʊnb,1
nbɛ,2
ʀɪt,2
olk,1
əme,1
met,1
pəʈ,1
əʈa,1
ʃʰu,1
ʰuɽ,1
uɽa,1
sɪ-,1
ɪ-ʋ,1
-ʋɑ,1
ɑnh,1
ndœ,1
xd:,1
d:,1
uz!,1
z!,1
ng-,2
g-t,2
-ti,2
me*,2
mɪj,1
ɪxr,1
gɛh,1
ɛhi,1
sɑ,1
ɑ w,1
bˈt,1
k..,1
ːdɔ,1
? f,1
0 h,1
ɪˌn,1
"1,",1
"1,0",1
00*,3
0*,3
ʈoɡ,1
iːɲ,1
ʒir,1
irn,1
rno,1
lʲo,1
ʲon,1
ɔmr,1
mrɪ,1
nxd,1
w m,1
ɪne,1
ːs:,1
"ʏɣ,",1
ɣɛʋ,1
srʲ,2
ez,2
z ʒ,1
l ʒ,1
alɨ,2
oɡl,2
ɡlʲ,2
ʲad,2
adɨ,2
dɨv,2
klø,1
idz,1
sɑn,1
kem,1
emi,1
y w,1
eiw,1
̩ x,1
aok,2
okʰ,2
ˈʤe,2
ˌlh,1
k 1,1
rio,1
ioʊ,1
fle,1
bea,2
any,1
ny*,1
ʧ r,1
rʊˌ,1
ˌkl,1
ːɣo,1
nɪɑ,1
ɪɑ',1
ɑ's,1
o ɔ,1
ːdʏ,2
dʏl,2
jnz,1
"ɛb,",1
"b,",1
moi,1
vk,2
vkl,1
ʲni,1
cɔm,1
ːnl,1
lɛb,1
ɛbu,1
von,1
tkl,1
kae,1
j ʒ,1
os,1
ikl,1
nʧt,1
sau,1
inɨ,2
vɨ,1
baɡ,1
ɡaʒ,1
aʒn,1
ɳ n,1
: k,1
ilt,1
ult,1
sfɑ,2
bʊn,1
ɪfu,1
fuː,1
oːɛ,1
ːɛf,1
ɛfi,1
y p,1
oja,1
ɔnc,1
ncl,1
cly,1
ɥnz,1
nzu,1
ɛ..,1
wd.,1
ɡ d,1
v o,1
vɨr,2
ɨro,2
ouz,2
uzu,2
zu,2
nko,4
b ʃ,1
ɛsʧ,1
nɛp,1
5 j,1
rθl,1
ɑks,1
sɪʤ,1
oʊʒ,1
ʊʒə,1
rzˌ,1
zˌd,1
ə ɦ,4
oso,1
zlʲ,1
eʒa,1
maj,1
ja*,1
ɪˈʃ,1
ɛso,1
nə.,1
kæb,2
817,1
825,1
ɛnj,1
ˌæk,1
ækw,1
ˈki,1
ipɪ,1
ɪkɔ,1
aly,1
y k,2
opi,1
mpʊ,2
f ʊ,1
"hɛ,",1
ɛk!,2
rʋo,1
tɛŋ,1
ɪzl,1
zli,1
ɑtl,1
00s,1
nɛs,1
dæm,1
æmɪ,1
mɪʤ,1
ʤ b,1
(p,1
(pr,1
"""k",1
"""ke",1
"nz""",1
"z"")",1
ʤɛf,2
ɛfr,2
ðəs,2
nz;,1
nz',1
' w,1
θ (,1
(ni,1
ɪn),1
nds,1
wɛʤ,1
ɛʤˌ,1
ʤˌw,1
ɔnf,1
nsæ,1
s x,1
lɑʃ,1
ɑʃɑ,1
ˈæb,1
ˌge,1
l ʤ,1
uzˌ,1
zˌb,1
ər',1
r'.,1
vɪx,2
rʋu,1
ʋuː,1
ʋɪx,2
vlo,1
enp,1
ʰul,1
ulu,1
ʰie,1
tʏt,1
ʏt͡,1
kne,3
ʀɔn,1
usɐ,1
ː 0,1
0,1
ɣi,1
ːɛx,1
ɛxɛ,1
xɛl,1
ɥtr,1
saa,1
aaf,1
af*,1
f*),1
tsˈ,3
ˌʤe,1
ˌɛf,1
ɛfˈ,1
fˈk,1
35t,1
5th,1
ʃ f,1
9 2,1
rsr,3
srɪ,2
ɑw!,1
w!,1
ʏxp,1
xpr,1
ule,2
rə;,1
st),1
nvɪ,1
vɪˈ,1
2 r,1
ɔrʃ,2
idg,1
dge,1
oes,1
isc,2
he*,2
tec,1
ech,1
chn,1
hni,1
hoc,1
och,1
chs,1
hsc,1
chu,1
hul,1
(et,1
eth,1
ɪk),1
k),1
æk;,1
ɪ a,1
aa,1
aar,1
au*,1
"u*,",1
"ul,",2
mɑ,1
ɑ ɪ,1
6 p,1
nen,1
ikr,1
osx,2
sxʲ,2
xʲe,1
emɨ,1
nʲʂ,1
ʂit,1
ɨto,1
el,1
ynk,1
kʀɔ,1
l β,1
β-f,1
-fa,1
ltp,1
ats,1
ɔpɛ,1
lpʀ,1
ːxʊ,1
xʊŋ,1
ːʀb,1
ʀbʊ,1
oːŋ,1
ːŋo,1
ŋoː,1
ʊft,1
ftʀ,1
ʤ r,1
60',1
0's,2
70',1
s*;,1
*;,1
; w,1
"is,",1
ər!,1
"r!,",1
"!,",1
es,1
sth,1
* c,1
tch,1
chp,1
hph,1
phr,1
hra,1
se*,1
fje,1
ːzu,1
ɑtv,1
tvi,1
6 j,1
5 b,1
(mo,1
) t,1
ytu,1
əŋs,1
ʊsɡ,1
sɡe,1
lsʏ,2
nʀo,1
pɛp,1
ɛl!,1
l!,1
rkh,1
khɔ,1
hɔf,1
f 1,1
911,1
11-,1
leŋ,1
ʰyʂ,1
yʂɻ,1
ʰuɕ,1
eix,1
xep,1
epʰ,1
i*:,1
ʧ f,1
siə,1
ʰis,1
ssə,1
ɖa,1
xoŋ,1
faf,1
afa,1
id,1
idt,1
dtʲ,1
oan,1
ɨ ʋ,1
mme,1
juʤ,2
uʤ,1
(wə,1
"10,",2
"0,0",2
rz),1
z θ,1
sˌʃ,1
uʤɪ,1
ʰuʂ,1
uʂu,1
ʰup,1
ʰiʈ,1
ʃtɔ,1
ixɐ,1
kj,1
kjo,1
nkə,1
tɛa,1
! ɕ,1
ʰet,2
ɕiɕ,1
y u,1
ʊmz,1
ət;,1
t;,1
ɪn;,1
r 4,1
km,1
km*,1
m*?,1
*?),1
?),1
) ˌ,1
nə;,1
ʊtˈ,1
tˈs,1
ldˌ,1
iɡo,1
ɡot,1
vʲ,1
voɕ,1
oɕː,1
ɕːn,1
ːnɨ,1
sɨt,1
vku,1
vna,1
oez,1
ezʒ,1
zʒi,1
ʒim,1
rfi,1
pg,1
pga,1
ˈʃʊ,1
ʊrd,1
ˌnu,1
ʃuɪ,1
iŋm,1
ŋmu,1
ntz,1
ˈjɑ,1
jɑt,1
ɔmɪ,1
982,1
82,1
2 s,1
lbe,1
ɛds,1
ʊnˈ,1
936,2
nθˈ,1
θˈr,1
ɑpɪ,1
ɔd,1
ɪ 3,1
662,1
2 ɪ,1
aʊr,1
ngi,1
gie,1
ɑmˈ,1
ʊl.,1
. ɡ,1
ɡəŋ,1
ʒəl,1
ɡ m,1
udd,1
dde,1
de,1
ʂuʈ,1
ɡlo,1
uzʲ,1
mod,1
x ʤ,1
v ',1
'ˈs,1
dog,1
goo,1
d*',1
*',1
ɑˈs,1
ɪgd,1
gd,1
jəz,1
"""θ",1
"ʊt""",1
""" l",1
ɔ w,1
zæs,1
atf,2
ʀaʀ,1
aʀm,1
ʀmʊ,1
mʊŋ,1
eːʀ,1
aia,1
iai,1
lap,1
apə,1
kau,1
ʀhø,1
øːt,1
apɐ,1
ʀɡʊ,1
oŋu,1
ŋuj,1
cub,1
ubs,1
bs-,1
iŋn,1
o ð,1
hæb,1
ɪbz,1
siʂ,1
ŋxa,1
sij,1
ˌɪl,1
ˈʤɪ,1
ies,1
erl,1
rl*,1
2 z,1
rmy,1
zɔj,1
ɔjɛ,1
'm,1
edk,1
dko,1
iej,1
otz,1
tzɨ,1
uɡe,1
srɑ,1
ppɔ,1
mʏs,1
ʏsə,1
ʀkl,1
͡sʏ,1
sʏk,1
ʏkl,1
ɔtʀ,1
uːʊ,1
ʊmk,1
s-ʀ,1
-ʀɪ,1
xtʊ,1
ːʏɡ,1
ʏɡt,1
bid,2
͡ʒl,2
ʒli,2
nd̤,2
d̤i,1
"ɔx,",1
̤ə,1
̤əm,2
275,1
75,1
kɔˈ,1
rgɪ,1
ʧ p,1
əmɛ,1
stl,1
aɕy,1
nɻo,1
ɻoŋ,1
nje,1
sɛ?,1
ɔnv,1
vpʲ,1
lnɨ,1
rrɪ,1
̩ʂɻ,1
̩ f,1
ʃ c,1
ded,1
də:,1
ə:,1
: ˈ,1
lɪb,1
k-,1
k-6,1
-6*,1
.,1
